dataset,method,user,precision_at_5,ndcg_at_5
Foursquare Tokyo Department Store WITHIN_2KM cutoff 2012-12-01,itemknn,1005,0.0,0.0
Foursquare Tokyo Department Store WITHIN_2KM cutoff 2012-12-01,itemknn,1020,0.0,0.0
Foursquare Tokyo Department Store WITHIN_2KM cutoff 2012-12-01,itemknn,1023,0.2,0.2640681225725909
Foursquare Tokyo Department Store WITHIN_2KM cutoff 2012-12-01,itemknn,107,0.0,0.0
Foursquare Tokyo Department Store WITHIN_2KM cutoff 2012-12-01,itemknn,1075,0.2,0.23719771276929622
Foursquare Tokyo Department Store WITHIN_2KM cutoff 2012-12-01,itemknn,1102,0.2,1.0
Foursquare Tokyo Department Store WITHIN_2KM cutoff 2012-12-01,itemknn,1168,0.0,0.0
Foursquare Tokyo Department Store WITHIN_2KM cutoff 2012-12-01,itemknn,1220,0.0,0.0
Foursquare Tokyo Department Store WITHIN_2KM cutoff 2012-12-01,itemknn,1221,0.0,0.0
Foursquare Tokyo Department Store WITHIN_2KM cutoff 2012-12-01,itemknn,1248,0.0,0.0
Foursquare Tokyo Department Store WITHIN_2KM cutoff 2012-12-01,itemknn,1251,0.0,0.0
Foursquare Tokyo Department Store WITHIN_2KM cutoff 2012-12-01,itemknn,1290,0.0,0.0
Foursquare Tokyo Department Store WITHIN_2KM cutoff 2012-12-01,itemknn,1304,0.0,0.0
Foursquare Tokyo Department Store WITHIN_2KM cutoff 2012-12-01,itemknn,1357,0.0,0.0
Foursquare Tokyo Department Store WITHIN_2KM cutoff 2012-12-01,itemknn,1367,0.2,0.43067655807339306
Foursquare Tokyo Department Store WITHIN_2KM cutoff 2012-12-01,itemknn,1411,0.0,0.0
Foursquare Tokyo Department Store WITHIN_2KM cutoff 2012-12-01,itemknn,1457,0.0,0.0
Foursquare Tokyo Department Store WITHIN_2KM cutoff 2012-12-01,itemknn,1472,0.0,0.0
Foursquare Tokyo Department Store WITHIN_2KM cutoff 2012-12-01,itemknn,1498,0.0,0.0
Foursquare Tokyo Department Store WITHIN_2KM cutoff 2012-12-01,itemknn,1531,0.2,0.5
Foursquare Tokyo Department Store WITHIN_2KM cutoff 2012-12-01,itemknn,1548,0.2,0.43067655807339306
Foursquare Tokyo Department Store WITHIN_2KM cutoff 2012-12-01,itemknn,1566,0.2,0.6309297535714575
Foursquare Tokyo Department Store WITHIN_2KM cutoff 2012-12-01,itemknn,1587,0.0,0.0
Foursquare Tokyo Department Store WITHIN_2KM cutoff 2012-12-01,itemknn,1596,0.0,0.0
Foursquare Tokyo Department Store WITHIN_2KM cutoff 2012-12-01,itemknn,1614,0.0,0.0
Foursquare Tokyo Department Store WITHIN_2KM cutoff 2012-12-01,itemknn,1621,0.0,0.0
Foursquare Tokyo Department Store WITHIN_2KM cutoff 2012-12-01,itemknn,1635,0.0,0.0
Foursquare Tokyo Department Store WITHIN_2KM cutoff 2012-12-01,itemknn,1693,0.0,0.0
Foursquare Tokyo Department Store WITHIN_2KM cutoff 2012-12-01,itemknn,1701,0.0,0.0
Foursquare Tokyo Department Store WITHIN_2KM cutoff 2012-12-01,itemknn,1714,0.0,0.0
Foursquare Tokyo Department Store WITHIN_2KM cutoff 2012-12-01,itemknn,1786,0.2,0.38685280723454163
Foursquare Tokyo Department Store WITHIN_2KM cutoff 2012-12-01,itemknn,1792,0.2,1.0
Foursquare Tokyo Department Store WITHIN_2KM cutoff 2012-12-01,itemknn,1797,0.2,0.2640681225725909
Foursquare Tokyo Department Store WITHIN_2KM cutoff 2012-12-01,itemknn,1819,0.2,0.43067655807339306
Foursquare Tokyo Department Store WITHIN_2KM cutoff 2012-12-01,itemknn,1832,0.2,0.21398626473452756
Foursquare Tokyo Department Store WITHIN_2KM cutoff 2012-12-01,itemknn,1889,0.2,0.13120507751234178
Foursquare Tokyo Department Store WITHIN_2KM cutoff 2012-12-01,itemknn,1893,0.0,0.0
Foursquare Tokyo Department Store WITHIN_2KM cutoff 2012-12-01,itemknn,1895,0.0,0.0
Foursquare Tokyo Department Store WITHIN_2KM cutoff 2012-12-01,itemknn,1931,0.2,0.15101961822780524
Foursquare Tokyo Department Store WITHIN_2KM cutoff 2012-12-01,itemknn,1943,0.0,0.0
Foursquare Tokyo Department Store WITHIN_2KM cutoff 2012-12-01,itemknn,1994,0.2,0.3065735963827292
Foursquare Tokyo Department Store WITHIN_2KM cutoff 2012-12-01,itemknn,2025,0.0,0.0
Foursquare Tokyo Department Store WITHIN_2KM cutoff 2012-12-01,itemknn,2044,0.0,0.0
Foursquare Tokyo Department Store WITHIN_2KM cutoff 2012-12-01,itemknn,2047,0.0,0.0
Foursquare Tokyo Department Store WITHIN_2KM cutoff 2012-12-01,itemknn,2073,0.2,0.6309297535714575
Foursquare Tokyo Department Store WITHIN_2KM cutoff 2012-12-01,itemknn,2077,0.0,0.0
Foursquare Tokyo Department Store WITHIN_2KM cutoff 2012-12-01,itemknn,2097,0.2,0.38685280723454163
Foursquare Tokyo Department Store WITHIN_2KM cutoff 2012-12-01,itemknn,2133,0.0,0.0
Foursquare Tokyo Department Store WITHIN_2KM cutoff 2012-12-01,itemknn,2159,0.0,0.0
Foursquare Tokyo Department Store WITHIN_2KM cutoff 2012-12-01,itemknn,2168,0.0,0.0
Foursquare Tokyo Department Store WITHIN_2KM cutoff 2012-12-01,itemknn,2193,0.0,0.0
Foursquare Tokyo Department Store WITHIN_2KM cutoff 2012-12-01,itemknn,22,0.0,0.0
Foursquare Tokyo Department Store WITHIN_2KM cutoff 2012-12-01,itemknn,2206,0.0,0.0
Foursquare Tokyo Department Store WITHIN_2KM cutoff 2012-12-01,itemknn,2236,0.0,0.0
Foursquare Tokyo Department Store WITHIN_2KM cutoff 2012-12-01,itemknn,2238,0.0,0.0
Foursquare Tokyo Department Store WITHIN_2KM cutoff 2012-12-01,itemknn,2244,0.0,0.0
Foursquare Tokyo Department Store WITHIN_2KM cutoff 2012-12-01,itemknn,2263,0.0,0.0
Foursquare Tokyo Department Store WITHIN_2KM cutoff 2012-12-01,itemknn,233,0.2,0.6131471927654584
Foursquare Tokyo Department Store WITHIN_2KM cutoff 2012-12-01,itemknn,236,0.0,0.0
Foursquare Tokyo Department Store WITHIN_2KM cutoff 2012-12-01,itemknn,28,0.0,0.0
Foursquare Tokyo Department Store WITHIN_2KM cutoff 2012-12-01,itemknn,285,0.0,0.0
Foursquare Tokyo Department Store WITHIN_2KM cutoff 2012-12-01,itemknn,303,0.0,0.0
Foursquare Tokyo Department Store WITHIN_2KM cutoff 2012-12-01,itemknn,310,0.0,0.0
Foursquare Tokyo Department Store WITHIN_2KM cutoff 2012-12-01,itemknn,331,0.2,0.5
Foursquare Tokyo Department Store WITHIN_2KM cutoff 2012-12-01,itemknn,367,0.2,0.43067655807339306
Foursquare Tokyo Department Store WITHIN_2KM cutoff 2012-12-01,itemknn,452,0.0,0.0
Foursquare Tokyo Department Store WITHIN_2KM cutoff 2012-12-01,itemknn,475,0.0,0.0
Foursquare Tokyo Department Store WITHIN_2KM cutoff 2012-12-01,itemknn,494,0.0,0.0
Foursquare Tokyo Department Store WITHIN_2KM cutoff 2012-12-01,itemknn,50,0.2,0.20210734650054757
Foursquare Tokyo Department Store WITHIN_2KM cutoff 2012-12-01,itemknn,518,0.0,0.0
Foursquare Tokyo Department Store WITHIN_2KM cutoff 2012-12-01,itemknn,557,0.0,0.0
Foursquare Tokyo Department Store WITHIN_2KM cutoff 2012-12-01,itemknn,560,0.0,0.0
Foursquare Tokyo Department Store WITHIN_2KM cutoff 2012-12-01,itemknn,564,0.0,0.0
Foursquare Tokyo Department Store WITHIN_2KM cutoff 2012-12-01,itemknn,590,0.0,0.0
Foursquare Tokyo Department Store WITHIN_2KM cutoff 2012-12-01,itemknn,596,0.0,0.0
Foursquare Tokyo Department Store WITHIN_2KM cutoff 2012-12-01,itemknn,607,0.2,0.38685280723454163
Foursquare Tokyo Department Store WITHIN_2KM cutoff 2012-12-01,itemknn,61,0.0,0.0
Foursquare Tokyo Department Store WITHIN_2KM cutoff 2012-12-01,itemknn,631,0.4,0.49818925746641285
Foursquare Tokyo Department Store WITHIN_2KM cutoff 2012-12-01,itemknn,651,0.0,0.0
Foursquare Tokyo Department Store WITHIN_2KM cutoff 2012-12-01,itemknn,693,0.0,0.0
Foursquare Tokyo Department Store WITHIN_2KM cutoff 2012-12-01,itemknn,707,0.0,0.0
Foursquare Tokyo Department Store WITHIN_2KM cutoff 2012-12-01,itemknn,711,0.0,0.0
Foursquare Tokyo Department Store WITHIN_2KM cutoff 2012-12-01,itemknn,718,0.2,0.23719771276929622
Foursquare Tokyo Department Store WITHIN_2KM cutoff 2012-12-01,itemknn,742,0.0,0.0
Foursquare Tokyo Department Store WITHIN_2KM cutoff 2012-12-01,itemknn,786,0.2,0.14606834984270645
Foursquare Tokyo Department Store WITHIN_2KM cutoff 2012-12-01,itemknn,834,0.0,0.0
Foursquare Tokyo Department Store WITHIN_2KM cutoff 2012-12-01,itemknn,852,0.2,0.6131471927654584
Foursquare Tokyo Department Store WITHIN_2KM cutoff 2012-12-01,itemknn,870,0.0,0.0
Foursquare Tokyo Department Store WITHIN_2KM cutoff 2012-12-01,itemknn,878,0.0,0.0
Foursquare Tokyo Department Store WITHIN_2KM cutoff 2012-12-01,itemknn,909,0.0,0.0
Foursquare Tokyo Department Store WITHIN_2KM cutoff 2012-12-01,itemknn,931,0.0,0.0
Foursquare Tokyo Department Store WITHIN_2KM cutoff 2012-12-01,itemknn,95,0.4,0.49818925746641285
Foursquare Tokyo Department Store WITHIN_2KM cutoff 2012-12-01,itemknn,951,0.0,0.0
Foursquare Tokyo Department Store WITHIN_2KM cutoff 2012-12-01,itemknn,96,0.2,1.0
Foursquare Tokyo Department Store WITHIN_2KM cutoff 2012-12-01,itemknn,963,0.0,0.0
Foursquare Tokyo Department Store WITHIN_2KM cutoff 2012-12-01,itemknn,972,0.2,0.6309297535714575
Foursquare Tokyo Department Store WITHIN_2KM cutoff 2012-12-01,itemknn,991,0.0,0.0
Foursquare Tokyo Department Store WITHIN_2KM cutoff 2012-12-01,itemknn,997,0.0,0.0
Foursquare Tokyo Department Store WITHIN_2KM cutoff 2012-12-01,c3_truss_only,1005,0.0,0.0
Foursquare Tokyo Department Store WITHIN_2KM cutoff 2012-12-01,c3_truss_only,1020,0.0,0.0
Foursquare Tokyo Department Store WITHIN_2KM cutoff 2012-12-01,c3_truss_only,1023,0.4,0.5012658353418871
Foursquare Tokyo Department Store WITHIN_2KM cutoff 2012-12-01,c3_truss_only,107,0.0,0.0
Foursquare Tokyo Department Store WITHIN_2KM cutoff 2012-12-01,c3_truss_only,1075,0.0,0.0
Foursquare Tokyo Department Store WITHIN_2KM cutoff 2012-12-01,c3_truss_only,1102,0.0,0.0
Foursquare Tokyo Department Store WITHIN_2KM cutoff 2012-12-01,c3_truss_only,1168,0.0,0.0
Foursquare Tokyo Department Store WITHIN_2KM cutoff 2012-12-01,c3_truss_only,1220,0.0,0.0
Foursquare Tokyo Department Store WITHIN_2KM cutoff 2012-12-01,c3_truss_only,1221,0.0,0.0
Foursquare Tokyo Department Store WITHIN_2KM cutoff 2012-12-01,c3_truss_only,1248,0.0,0.0
Foursquare Tokyo Department Store WITHIN_2KM cutoff 2012-12-01,c3_truss_only,1251,0.2,1.0
Foursquare Tokyo Department Store WITHIN_2KM cutoff 2012-12-01,c3_truss_only,1290,0.0,0.0
Foursquare Tokyo Department Store WITHIN_2KM cutoff 2012-12-01,c3_truss_only,1304,0.2,0.6131471927654584
Foursquare Tokyo Department Store WITHIN_2KM cutoff 2012-12-01,c3_truss_only,1357,0.0,0.0
Foursquare Tokyo Department Store WITHIN_2KM cutoff 2012-12-01,c3_truss_only,1367,0.0,0.0
Foursquare Tokyo Department Store WITHIN_2KM cutoff 2012-12-01,c3_truss_only,1411,0.0,0.0
Foursquare Tokyo Department Store WITHIN_2KM cutoff 2012-12-01,c3_truss_only,1457,0.0,0.0
Foursquare Tokyo Department Store WITHIN_2KM cutoff 2012-12-01,c3_truss_only,1472,0.4,0.41618115554873086
Foursquare Tokyo Department Store WITHIN_2KM cutoff 2012-12-01,c3_truss_only,1498,0.2,1.0
Foursquare Tokyo Department Store WITHIN_2KM cutoff 2012-12-01,c3_truss_only,1531,0.2,0.6309297535714575
Foursquare Tokyo Department Store WITHIN_2KM cutoff 2012-12-01,c3_truss_only,1548,0.2,1.0
Foursquare Tokyo Department Store WITHIN_2KM cutoff 2012-12-01,c3_truss_only,1566,0.2,1.0
Foursquare Tokyo Department Store WITHIN_2KM cutoff 2012-12-01,c3_truss_only,1587,0.0,0.0
Foursquare Tokyo Department Store WITHIN_2KM cutoff 2012-12-01,c3_truss_only,1596,0.0,0.0
Foursquare Tokyo Department Store WITHIN_2KM cutoff 2012-12-01,c3_truss_only,1614,0.0,0.0
Foursquare Tokyo Department Store WITHIN_2KM cutoff 2012-12-01,c3_truss_only,1621,0.0,0.0
Foursquare Tokyo Department Store WITHIN_2KM cutoff 2012-12-01,c3_truss_only,1635,0.0,0.0
Foursquare Tokyo Department Store WITHIN_2KM cutoff 2012-12-01,c3_truss_only,1693,0.0,0.0
Foursquare Tokyo Department Store WITHIN_2KM cutoff 2012-12-01,c3_truss_only,1701,0.0,0.0
Foursquare Tokyo Department Store WITHIN_2KM cutoff 2012-12-01,c3_truss_only,1714,0.2,0.20210734650054757
Foursquare Tokyo Department Store WITHIN_2KM cutoff 2012-12-01,c3_truss_only,1786,0.0,0.0
Foursquare Tokyo Department Store WITHIN_2KM cutoff 2012-12-01,c3_truss_only,1792,0.2,1.0
Foursquare Tokyo Department Store WITHIN_2KM cutoff 2012-12-01,c3_truss_only,1797,0.2,0.6131471927654584
Foursquare Tokyo Department Store WITHIN_2KM cutoff 2012-12-01,c3_truss_only,1819,0.0,0.0
Foursquare Tokyo Department Store WITHIN_2KM cutoff 2012-12-01,c3_truss_only,1832,0.4,0.5531464700081437
Foursquare Tokyo Department Store WITHIN_2KM cutoff 2012-12-01,c3_truss_only,1889,0.4,0.5531464700081437
Foursquare Tokyo Department Store WITHIN_2KM cutoff 2012-12-01,c3_truss_only,1893,0.0,0.0
Foursquare Tokyo Department Store WITHIN_2KM cutoff 2012-12-01,c3_truss_only,1895,0.0,0.0
Foursquare Tokyo Department Store WITHIN_2KM cutoff 2012-12-01,c3_truss_only,1931,0.0,0.0
Foursquare Tokyo Department Store WITHIN_2KM cutoff 2012-12-01,c3_truss_only,1943,0.0,0.0
Foursquare Tokyo Department Store WITHIN_2KM cutoff 2012-12-01,c3_truss_only,1994,0.2,0.6131471927654584
Foursquare Tokyo Department Store WITHIN_2KM cutoff 2012-12-01,c3_truss_only,2025,0.2,0.38685280723454163
Foursquare Tokyo Department Store WITHIN_2KM cutoff 2012-12-01,c3_truss_only,2044,0.0,0.0
Foursquare Tokyo Department Store WITHIN_2KM cutoff 2012-12-01,c3_truss_only,2047,0.0,0.0
Foursquare Tokyo Department Store WITHIN_2KM cutoff 2012-12-01,c3_truss_only,2073,0.2,0.5
Foursquare Tokyo Department Store WITHIN_2KM cutoff 2012-12-01,c3_truss_only,2077,0.0,0.0
Foursquare Tokyo Department Store WITHIN_2KM cutoff 2012-12-01,c3_truss_only,2097,0.2,0.6131471927654584
Foursquare Tokyo Department Store WITHIN_2KM cutoff 2012-12-01,c3_truss_only,2133,0.0,0.0
Foursquare Tokyo Department Store WITHIN_2KM cutoff 2012-12-01,c3_truss_only,2159,0.0,0.0
Foursquare Tokyo Department Store WITHIN_2KM cutoff 2012-12-01,c3_truss_only,2168,0.2,0.6309297535714575
Foursquare Tokyo Department Store WITHIN_2KM cutoff 2012-12-01,c3_truss_only,2193,0.0,0.0
Foursquare Tokyo Department Store WITHIN_2KM cutoff 2012-12-01,c3_truss_only,22,0.0,0.0
Foursquare Tokyo Department Store WITHIN_2KM cutoff 2012-12-01,c3_truss_only,2206,0.0,0.0
Foursquare Tokyo Department Store WITHIN_2KM cutoff 2012-12-01,c3_truss_only,2236,0.0,0.0
Foursquare Tokyo Department Store WITHIN_2KM cutoff 2012-12-01,c3_truss_only,2238,0.0,0.0
Foursquare Tokyo Department Store WITHIN_2KM cutoff 2012-12-01,c3_truss_only,2244,0.0,0.0
Foursquare Tokyo Department Store WITHIN_2KM cutoff 2012-12-01,c3_truss_only,2263,0.4,0.5012658353418871
Foursquare Tokyo Department Store WITHIN_2KM cutoff 2012-12-01,c3_truss_only,233,0.0,0.0
Foursquare Tokyo Department Store WITHIN_2KM cutoff 2012-12-01,c3_truss_only,236,0.0,0.0
Foursquare Tokyo Department Store WITHIN_2KM cutoff 2012-12-01,c3_truss_only,28,0.4,0.4144299250118475
Foursquare Tokyo Department Store WITHIN_2KM cutoff 2012-12-01,c3_truss_only,285,0.0,0.0
Foursquare Tokyo Department Store WITHIN_2KM cutoff 2012-12-01,c3_truss_only,303,0.0,0.0
Foursquare Tokyo Department Store WITHIN_2KM cutoff 2012-12-01,c3_truss_only,310,0.0,0.0
Foursquare Tokyo Department Store WITHIN_2KM cutoff 2012-12-01,c3_truss_only,331,0.2,0.5
Foursquare Tokyo Department Store WITHIN_2KM cutoff 2012-12-01,c3_truss_only,367,0.2,1.0
Foursquare Tokyo Department Store WITHIN_2KM cutoff 2012-12-01,c3_truss_only,452,0.2,0.23719771276929622
Foursquare Tokyo Department Store WITHIN_2KM cutoff 2012-12-01,c3_truss_only,475,0.0,0.0
Foursquare Tokyo Department Store WITHIN_2KM cutoff 2012-12-01,c3_truss_only,494,0.2,0.6309297535714575
Foursquare Tokyo Department Store WITHIN_2KM cutoff 2012-12-01,c3_truss_only,50,0.2,0.2960819109658652
Foursquare Tokyo Department Store WITHIN_2KM cutoff 2012-12-01,c3_truss_only,518,0.2,0.6131471927654584
Foursquare Tokyo Department Store WITHIN_2KM cutoff 2012-12-01,c3_truss_only,557,0.2,0.20210734650054757
Foursquare Tokyo Department Store WITHIN_2KM cutoff 2012-12-01,c3_truss_only,560,0.0,0.0
Foursquare Tokyo Department Store WITHIN_2KM cutoff 2012-12-01,c3_truss_only,564,0.0,0.0
Foursquare Tokyo Department Store WITHIN_2KM cutoff 2012-12-01,c3_truss_only,590,0.0,0.0
Foursquare Tokyo Department Store WITHIN_2KM cutoff 2012-12-01,c3_truss_only,596,0.0,0.0
Foursquare Tokyo Department Store WITHIN_2KM cutoff 2012-12-01,c3_truss_only,607,0.2,1.0
Foursquare Tokyo Department Store WITHIN_2KM cutoff 2012-12-01,c3_truss_only,61,0.0,0.0
Foursquare Tokyo Department Store WITHIN_2KM cutoff 2012-12-01,c3_truss_only,631,0.2,0.46927872602275644
Foursquare Tokyo Department Store WITHIN_2KM cutoff 2012-12-01,c3_truss_only,651,0.0,0.0
Foursquare Tokyo Department Store WITHIN_2KM cutoff 2012-12-01,c3_truss_only,693,0.0,0.0
Foursquare Tokyo Department Store WITHIN_2KM cutoff 2012-12-01,c3_truss_only,707,0.0,0.0
Foursquare Tokyo Department Store WITHIN_2KM cutoff 2012-12-01,c3_truss_only,711,0.0,0.0
Foursquare Tokyo Department Store WITHIN_2KM cutoff 2012-12-01,c3_truss_only,718,0.2,0.3065735963827292
Foursquare Tokyo Department Store WITHIN_2KM cutoff 2012-12-01,c3_truss_only,742,0.0,0.0
Foursquare Tokyo Department Store WITHIN_2KM cutoff 2012-12-01,c3_truss_only,786,0.4,0.5087403079104241
Foursquare Tokyo Department Store WITHIN_2KM cutoff 2012-12-01,c3_truss_only,834,0.0,0.0
Foursquare Tokyo Department Store WITHIN_2KM cutoff 2012-12-01,c3_truss_only,852,0.2,0.23719771276929622
Foursquare Tokyo Department Store WITHIN_2KM cutoff 2012-12-01,c3_truss_only,870,0.0,0.0
Foursquare Tokyo Department Store WITHIN_2KM cutoff 2012-12-01,c3_truss_only,878,0.0,0.0
Foursquare Tokyo Department Store WITHIN_2KM cutoff 2012-12-01,c3_truss_only,909,0.0,0.0
Foursquare Tokyo Department Store WITHIN_2KM cutoff 2012-12-01,c3_truss_only,931,0.0,0.0
Foursquare Tokyo Department Store WITHIN_2KM cutoff 2012-12-01,c3_truss_only,95,0.4,0.7039180890341347
Foursquare Tokyo Department Store WITHIN_2KM cutoff 2012-12-01,c3_truss_only,951,0.0,0.0
Foursquare Tokyo Department Store WITHIN_2KM cutoff 2012-12-01,c3_truss_only,96,0.0,0.0
Foursquare Tokyo Department Store WITHIN_2KM cutoff 2012-12-01,c3_truss_only,963,0.0,0.0
Foursquare Tokyo Department Store WITHIN_2KM cutoff 2012-12-01,c3_truss_only,972,0.2,1.0
Foursquare Tokyo Department Store WITHIN_2KM cutoff 2012-12-01,c3_truss_only,991,0.6,0.8318724637288826
Foursquare Tokyo Department Store WITHIN_2KM cutoff 2012-12-01,c3_truss_only,997,0.0,0.0
Foursquare Tokyo Department Store WITHIN_2KM cutoff 2012-12-01,c4_truss_only,1005,0.0,0.0
Foursquare Tokyo Department Store WITHIN_2KM cutoff 2012-12-01,c4_truss_only,1020,0.0,0.0
Foursquare Tokyo Department Store WITHIN_2KM cutoff 2012-12-01,c4_truss_only,1023,0.0,0.0
Foursquare Tokyo Department Store WITHIN_2KM cutoff 2012-12-01,c4_truss_only,107,0.0,0.0
Foursquare Tokyo Department Store WITHIN_2KM cutoff 2012-12-01,c4_truss_only,1075,0.0,0.0
Foursquare Tokyo Department Store WITHIN_2KM cutoff 2012-12-01,c4_truss_only,1102,0.2,1.0
Foursquare Tokyo Department Store WITHIN_2KM cutoff 2012-12-01,c4_truss_only,1168,0.0,0.0
Foursquare Tokyo Department Store WITHIN_2KM cutoff 2012-12-01,c4_truss_only,1220,0.0,0.0
Foursquare Tokyo Department Store WITHIN_2KM cutoff 2012-12-01,c4_truss_only,1221,0.0,0.0
Foursquare Tokyo Department Store WITHIN_2KM cutoff 2012-12-01,c4_truss_only,1248,0.0,0.0
Foursquare Tokyo Department Store WITHIN_2KM cutoff 2012-12-01,c4_truss_only,1251,0.2,1.0
Foursquare Tokyo Department Store WITHIN_2KM cutoff 2012-12-01,c4_truss_only,1290,0.0,0.0
Foursquare Tokyo Department Store WITHIN_2KM cutoff 2012-12-01,c4_truss_only,1304,0.2,0.6131471927654584
Foursquare Tokyo Department Store WITHIN_2KM cutoff 2012-12-01,c4_truss_only,1357,0.0,0.0
Foursquare Tokyo Department Store WITHIN_2KM cutoff 2012-12-01,c4_truss_only,1367,0.0,0.0
Foursquare Tokyo Department Store WITHIN_2KM cutoff 2012-12-01,c4_truss_only,1411,0.0,0.0
Foursquare Tokyo Department Store WITHIN_2KM cutoff 2012-12-01,c4_truss_only,1457,0.0,0.0
Foursquare Tokyo Department Store WITHIN_2KM cutoff 2012-12-01,c4_truss_only,1472,0.0,0.0
Foursquare Tokyo Department Store WITHIN_2KM cutoff 2012-12-01,c4_truss_only,1498,0.2,1.0
Foursquare Tokyo Department Store WITHIN_2KM cutoff 2012-12-01,c4_truss_only,1531,0.2,0.6309297535714575
Foursquare Tokyo Department Store WITHIN_2KM cutoff 2012-12-01,c4_truss_only,1548,0.2,1.0
Foursquare Tokyo Department Store WITHIN_2KM cutoff 2012-12-01,c4_truss_only,1566,0.2,1.0
Foursquare Tokyo Department Store WITHIN_2KM cutoff 2012-12-01,c4_truss_only,1587,0.0,0.0
Foursquare Tokyo Department Store WITHIN_2KM cutoff 2012-12-01,c4_truss_only,1596,0.0,0.0
Foursquare Tokyo Department Store WITHIN_2KM cutoff 2012-12-01,c4_truss_only,1614,0.0,0.0
Foursquare Tokyo Department Store WITHIN_2KM cutoff 2012-12-01,c4_truss_only,1621,0.0,0.0
Foursquare Tokyo Department Store WITHIN_2KM cutoff 2012-12-01,c4_truss_only,1635,0.0,0.0
Foursquare Tokyo Department Store WITHIN_2KM cutoff 2012-12-01,c4_truss_only,1693,0.0,0.0
Foursquare Tokyo Department Store WITHIN_2KM cutoff 2012-12-01,c4_truss_only,1701,0.0,0.0
Foursquare Tokyo Department Store WITHIN_2KM cutoff 2012-12-01,c4_truss_only,1714,0.2,0.20210734650054757
Foursquare Tokyo Department Store WITHIN_2KM cutoff 2012-12-01,c4_truss_only,1786,0.0,0.0
Foursquare Tokyo Department Store WITHIN_2KM cutoff 2012-12-01,c4_truss_only,1792,0.2,1.0
Foursquare Tokyo Department Store WITHIN_2KM cutoff 2012-12-01,c4_truss_only,1797,0.2,0.6131471927654584
Foursquare Tokyo Department Store WITHIN_2KM cutoff 2012-12-01,c4_truss_only,1819,0.0,0.0
Foursquare Tokyo Department Store WITHIN_2KM cutoff 2012-12-01,c4_truss_only,1832,0.4,0.5531464700081437
Foursquare Tokyo Department Store WITHIN_2KM cutoff 2012-12-01,c4_truss_only,1889,0.6,0.7227265726449519
Foursquare Tokyo Department Store WITHIN_2KM cutoff 2012-12-01,c4_truss_only,1893,0.0,0.0
Foursquare Tokyo Department Store WITHIN_2KM cutoff 2012-12-01,c4_truss_only,1895,0.0,0.0
Foursquare Tokyo Department Store WITHIN_2KM cutoff 2012-12-01,c4_truss_only,1931,0.0,0.0
Foursquare Tokyo Department Store WITHIN_2KM cutoff 2012-12-01,c4_truss_only,1943,0.0,0.0
Foursquare Tokyo Department Store WITHIN_2KM cutoff 2012-12-01,c4_truss_only,1994,0.2,0.38685280723454163
Foursquare Tokyo Department Store WITHIN_2KM cutoff 2012-12-01,c4_truss_only,2025,0.2,0.38685280723454163
Foursquare Tokyo Department Store WITHIN_2KM cutoff 2012-12-01,c4_truss_only,2044,0.0,0.0
Foursquare Tokyo Department Store WITHIN_2KM cutoff 2012-12-01,c4_truss_only,2047,0.0,0.0
Foursquare Tokyo Department Store WITHIN_2KM cutoff 2012-12-01,c4_truss_only,2073,0.2,0.5
Foursquare Tokyo Department Store WITHIN_2KM cutoff 2012-12-01,c4_truss_only,2077,0.0,0.0
Foursquare Tokyo Department Store WITHIN_2KM cutoff 2012-12-01,c4_truss_only,2097,0.2,0.6131471927654584
Foursquare Tokyo Department Store WITHIN_2KM cutoff 2012-12-01,c4_truss_only,2133,0.0,0.0
Foursquare Tokyo Department Store WITHIN_2KM cutoff 2012-12-01,c4_truss_only,2159,0.0,0.0
Foursquare Tokyo Department Store WITHIN_2KM cutoff 2012-12-01,c4_truss_only,2168,0.2,0.6309297535714575
Foursquare Tokyo Department Store WITHIN_2KM cutoff 2012-12-01,c4_truss_only,2193,0.0,0.0
Foursquare Tokyo Department Store WITHIN_2KM cutoff 2012-12-01,c4_truss_only,22,0.0,0.0
Foursquare Tokyo Department Store WITHIN_2KM cutoff 2012-12-01,c4_truss_only,2206,0.0,0.0
Foursquare Tokyo Department Store WITHIN_2KM cutoff 2012-12-01,c4_truss_only,2236,0.0,0.0
Foursquare Tokyo Department Store WITHIN_2KM cutoff 2012-12-01,c4_truss_only,2238,0.0,0.0
Foursquare Tokyo Department Store WITHIN_2KM cutoff 2012-12-01,c4_truss_only,2244,0.0,0.0
Foursquare Tokyo Department Store WITHIN_2KM cutoff 2012-12-01,c4_truss_only,2263,0.4,0.5012658353418871
Foursquare Tokyo Department Store WITHIN_2KM cutoff 2012-12-01,c4_truss_only,233,0.0,0.0
Foursquare Tokyo Department Store WITHIN_2KM cutoff 2012-12-01,c4_truss_only,236,0.0,0.0
Foursquare Tokyo Department Store WITHIN_2KM cutoff 2012-12-01,c4_truss_only,28,0.2,0.19519002499605084
Foursquare Tokyo Department Store WITHIN_2KM cutoff 2012-12-01,c4_truss_only,285,0.0,0.0
Foursquare Tokyo Department Store WITHIN_2KM cutoff 2012-12-01,c4_truss_only,303,0.0,0.0
Foursquare Tokyo Department Store WITHIN_2KM cutoff 2012-12-01,c4_truss_only,310,0.0,0.0
Foursquare Tokyo Department Store WITHIN_2KM cutoff 2012-12-01,c4_truss_only,331,0.2,0.5
Foursquare Tokyo Department Store WITHIN_2KM cutoff 2012-12-01,c4_truss_only,367,0.2,1.0
Foursquare Tokyo Department Store WITHIN_2KM cutoff 2012-12-01,c4_truss_only,452,0.2,0.23719771276929622
Foursquare Tokyo Department Store WITHIN_2KM cutoff 2012-12-01,c4_truss_only,475,0.0,0.0
Foursquare Tokyo Department Store WITHIN_2KM cutoff 2012-12-01,c4_truss_only,494,0.2,0.6309297535714575
Foursquare Tokyo Department Store WITHIN_2KM cutoff 2012-12-01,c4_truss_only,50,0.2,0.2960819109658652
Foursquare Tokyo Department Store WITHIN_2KM cutoff 2012-12-01,c4_truss_only,518,0.2,0.6131471927654584
Foursquare Tokyo Department Store WITHIN_2KM cutoff 2012-12-01,c4_truss_only,557,0.2,0.20210734650054757
Foursquare Tokyo Department Store WITHIN_2KM cutoff 2012-12-01,c4_truss_only,560,0.0,0.0
Foursquare Tokyo Department Store WITHIN_2KM cutoff 2012-12-01,c4_truss_only,564,0.0,0.0
Foursquare Tokyo Department Store WITHIN_2KM cutoff 2012-12-01,c4_truss_only,590,0.0,0.0
Foursquare Tokyo Department Store WITHIN_2KM cutoff 2012-12-01,c4_truss_only,596,0.0,0.0
Foursquare Tokyo Department Store WITHIN_2KM cutoff 2012-12-01,c4_truss_only,607,0.2,1.0
Foursquare Tokyo Department Store WITHIN_2KM cutoff 2012-12-01,c4_truss_only,61,0.0,0.0
Foursquare Tokyo Department Store WITHIN_2KM cutoff 2012-12-01,c4_truss_only,631,0.0,0.0
Foursquare Tokyo Department Store WITHIN_2KM cutoff 2012-12-01,c4_truss_only,651,0.0,0.0
Foursquare Tokyo Department Store WITHIN_2KM cutoff 2012-12-01,c4_truss_only,693,0.0,0.0
Foursquare Tokyo Department Store WITHIN_2KM cutoff 2012-12-01,c4_truss_only,707,0.2,0.23719771276929622
Foursquare Tokyo Department Store WITHIN_2KM cutoff 2012-12-01,c4_truss_only,711,0.0,0.0
Foursquare Tokyo Department Store WITHIN_2KM cutoff 2012-12-01,c4_truss_only,718,0.2,0.3065735963827292
Foursquare Tokyo Department Store WITHIN_2KM cutoff 2012-12-01,c4_truss_only,742,0.0,0.0
Foursquare Tokyo Department Store WITHIN_2KM cutoff 2012-12-01,c4_truss_only,786,0.4,0.5087403079104241
Foursquare Tokyo Department Store WITHIN_2KM cutoff 2012-12-01,c4_truss_only,834,0.0,0.0
Foursquare Tokyo Department Store WITHIN_2KM cutoff 2012-12-01,c4_truss_only,852,0.2,0.23719771276929622
Foursquare Tokyo Department Store WITHIN_2KM cutoff 2012-12-01,c4_truss_only,870,0.0,0.0
Foursquare Tokyo Department Store WITHIN_2KM cutoff 2012-12-01,c4_truss_only,878,0.0,0.0
Foursquare Tokyo Department Store WITHIN_2KM cutoff 2012-12-01,c4_truss_only,909,0.0,0.0
Foursquare Tokyo Department Store WITHIN_2KM cutoff 2012-12-01,c4_truss_only,931,0.0,0.0
Foursquare Tokyo Department Store WITHIN_2KM cutoff 2012-12-01,c4_truss_only,95,0.4,0.7039180890341347
Foursquare Tokyo Department Store WITHIN_2KM cutoff 2012-12-01,c4_truss_only,951,0.0,0.0
Foursquare Tokyo Department Store WITHIN_2KM cutoff 2012-12-01,c4_truss_only,96,0.0,0.0
Foursquare Tokyo Department Store WITHIN_2KM cutoff 2012-12-01,c4_truss_only,963,0.0,0.0
Foursquare Tokyo Department Store WITHIN_2KM cutoff 2012-12-01,c4_truss_only,972,0.2,1.0
Foursquare Tokyo Department Store WITHIN_2KM cutoff 2012-12-01,c4_truss_only,991,0.6,0.8318724637288826
Foursquare Tokyo Department Store WITHIN_2KM cutoff 2012-12-01,c4_truss_only,997,0.2,0.6309297535714575
Foursquare Tokyo Department Store WITHIN_2KM cutoff 2012-12-01,c5_truss_only,1005,0.0,0.0
Foursquare Tokyo Department Store WITHIN_2KM cutoff 2012-12-01,c5_truss_only,1020,0.0,0.0
Foursquare Tokyo Department Store WITHIN_2KM cutoff 2012-12-01,c5_truss_only,1023,0.0,0.0
Foursquare Tokyo Department Store WITHIN_2KM cutoff 2012-12-01,c5_truss_only,107,0.0,0.0
Foursquare Tokyo Department Store WITHIN_2KM cutoff 2012-12-01,c5_truss_only,1075,0.0,0.0
Foursquare Tokyo Department Store WITHIN_2KM cutoff 2012-12-01,c5_truss_only,1102,0.0,0.0
Foursquare Tokyo Department Store WITHIN_2KM cutoff 2012-12-01,c5_truss_only,1168,0.0,0.0
Foursquare Tokyo Department Store WITHIN_2KM cutoff 2012-12-01,c5_truss_only,1220,0.0,0.0
Foursquare Tokyo Department Store WITHIN_2KM cutoff 2012-12-01,c5_truss_only,1221,0.0,0.0
Foursquare Tokyo Department Store WITHIN_2KM cutoff 2012-12-01,c5_truss_only,1248,0.0,0.0
Foursquare Tokyo Department Store WITHIN_2KM cutoff 2012-12-01,c5_truss_only,1251,0.2,1.0
Foursquare Tokyo Department Store WITHIN_2KM cutoff 2012-12-01,c5_truss_only,1290,0.0,0.0
Foursquare Tokyo Department Store WITHIN_2KM cutoff 2012-12-01,c5_truss_only,1304,0.2,0.6131471927654584
Foursquare Tokyo Department Store WITHIN_2KM cutoff 2012-12-01,c5_truss_only,1357,0.0,0.0
Foursquare Tokyo Department Store WITHIN_2KM cutoff 2012-12-01,c5_truss_only,1367,0.0,0.0
Foursquare Tokyo Department Store WITHIN_2KM cutoff 2012-12-01,c5_truss_only,1411,0.0,0.0
Foursquare Tokyo Department Store WITHIN_2KM cutoff 2012-12-01,c5_truss_only,1457,0.0,0.0
Foursquare Tokyo Department Store WITHIN_2KM cutoff 2012-12-01,c5_truss_only,1472,0.0,0.0
Foursquare Tokyo Department Store WITHIN_2KM cutoff 2012-12-01,c5_truss_only,1498,0.2,1.0
Foursquare Tokyo Department Store WITHIN_2KM cutoff 2012-12-01,c5_truss_only,1531,0.2,0.6309297535714575
Foursquare Tokyo Department Store WITHIN_2KM cutoff 2012-12-01,c5_truss_only,1548,0.2,1.0
Foursquare Tokyo Department Store WITHIN_2KM cutoff 2012-12-01,c5_truss_only,1566,0.2,1.0
Foursquare Tokyo Department Store WITHIN_2KM cutoff 2012-12-01,c5_truss_only,1587,0.0,0.0
Foursquare Tokyo Department Store WITHIN_2KM cutoff 2012-12-01,c5_truss_only,1596,0.0,0.0
Foursquare Tokyo Department Store WITHIN_2KM cutoff 2012-12-01,c5_truss_only,1614,0.0,0.0
Foursquare Tokyo Department Store WITHIN_2KM cutoff 2012-12-01,c5_truss_only,1621,0.0,0.0
Foursquare Tokyo Department Store WITHIN_2KM cutoff 2012-12-01,c5_truss_only,1635,0.0,0.0
Foursquare Tokyo Department Store WITHIN_2KM cutoff 2012-12-01,c5_truss_only,1693,0.0,0.0
Foursquare Tokyo Department Store WITHIN_2KM cutoff 2012-12-01,c5_truss_only,1701,0.0,0.0
Foursquare Tokyo Department Store WITHIN_2KM cutoff 2012-12-01,c5_truss_only,1714,0.2,0.23463936301137822
Foursquare Tokyo Department Store WITHIN_2KM cutoff 2012-12-01,c5_truss_only,1786,0.0,0.0
Foursquare Tokyo Department Store WITHIN_2KM cutoff 2012-12-01,c5_truss_only,1792,0.2,1.0
Foursquare Tokyo Department Store WITHIN_2KM cutoff 2012-12-01,c5_truss_only,1797,0.2,0.6131471927654584
Foursquare Tokyo Department Store WITHIN_2KM cutoff 2012-12-01,c5_truss_only,1819,0.0,0.0
Foursquare Tokyo Department Store WITHIN_2KM cutoff 2012-12-01,c5_truss_only,1832,0.4,0.5531464700081437
Foursquare Tokyo Department Store WITHIN_2KM cutoff 2012-12-01,c5_truss_only,1889,0.4,0.5531464700081437
Foursquare Tokyo Department Store WITHIN_2KM cutoff 2012-12-01,c5_truss_only,1893,0.0,0.0
Foursquare Tokyo Department Store WITHIN_2KM cutoff 2012-12-01,c5_truss_only,1895,0.0,0.0
Foursquare Tokyo Department Store WITHIN_2KM cutoff 2012-12-01,c5_truss_only,1931,0.0,0.0
Foursquare Tokyo Department Store WITHIN_2KM cutoff 2012-12-01,c5_truss_only,1943,0.0,0.0
Foursquare Tokyo Department Store WITHIN_2KM cutoff 2012-12-01,c5_truss_only,1994,0.2,0.6131471927654584
Foursquare Tokyo Department Store WITHIN_2KM cutoff 2012-12-01,c5_truss_only,2025,0.2,0.38685280723454163
Foursquare Tokyo Department Store WITHIN_2KM cutoff 2012-12-01,c5_truss_only,2044,0.0,0.0
Foursquare Tokyo Department Store WITHIN_2KM cutoff 2012-12-01,c5_truss_only,2047,0.0,0.0
Foursquare Tokyo Department Store WITHIN_2KM cutoff 2012-12-01,c5_truss_only,2073,0.2,0.5
Foursquare Tokyo Department Store WITHIN_2KM cutoff 2012-12-01,c5_truss_only,2077,0.0,0.0
Foursquare Tokyo Department Store WITHIN_2KM cutoff 2012-12-01,c5_truss_only,2097,0.2,0.6131471927654584
Foursquare Tokyo Department Store WITHIN_2KM cutoff 2012-12-01,c5_truss_only,2133,0.0,0.0
Foursquare Tokyo Department Store WITHIN_2KM cutoff 2012-12-01,c5_truss_only,2159,0.0,0.0
Foursquare Tokyo Department Store WITHIN_2KM cutoff 2012-12-01,c5_truss_only,2168,0.2,0.6309297535714575
Foursquare Tokyo Department Store WITHIN_2KM cutoff 2012-12-01,c5_truss_only,2193,0.0,0.0
Foursquare Tokyo Department Store WITHIN_2KM cutoff 2012-12-01,c5_truss_only,22,0.0,0.0
Foursquare Tokyo Department Store WITHIN_2KM cutoff 2012-12-01,c5_truss_only,2206,0.0,0.0
Foursquare Tokyo Department Store WITHIN_2KM cutoff 2012-12-01,c5_truss_only,2236,0.0,0.0
Foursquare Tokyo Department Store WITHIN_2KM cutoff 2012-12-01,c5_truss_only,2238,0.0,0.0
Foursquare Tokyo Department Store WITHIN_2KM cutoff 2012-12-01,c5_truss_only,2244,0.0,0.0
Foursquare Tokyo Department Store WITHIN_2KM cutoff 2012-12-01,c5_truss_only,2263,0.4,0.5012658353418871
Foursquare Tokyo Department Store WITHIN_2KM cutoff 2012-12-01,c5_truss_only,233,0.2,0.3065735963827292
Foursquare Tokyo Department Store WITHIN_2KM cutoff 2012-12-01,c5_truss_only,236,0.0,0.0
Foursquare Tokyo Department Store WITHIN_2KM cutoff 2012-12-01,c5_truss_only,28,0.4,0.4144299250118475
Foursquare Tokyo Department Store WITHIN_2KM cutoff 2012-12-01,c5_truss_only,285,0.0,0.0
Foursquare Tokyo Department Store WITHIN_2KM cutoff 2012-12-01,c5_truss_only,303,0.0,0.0
Foursquare Tokyo Department Store WITHIN_2KM cutoff 2012-12-01,c5_truss_only,310,0.0,0.0
Foursquare Tokyo Department Store WITHIN_2KM cutoff 2012-12-01,c5_truss_only,331,0.2,0.5
Foursquare Tokyo Department Store WITHIN_2KM cutoff 2012-12-01,c5_truss_only,367,0.2,1.0
Foursquare Tokyo Department Store WITHIN_2KM cutoff 2012-12-01,c5_truss_only,452,0.2,0.23719771276929622
Foursquare Tokyo Department Store WITHIN_2KM cutoff 2012-12-01,c5_truss_only,475,0.0,0.0
Foursquare Tokyo Department Store WITHIN_2KM cutoff 2012-12-01,c5_truss_only,494,0.2,0.6309297535714575
Foursquare Tokyo Department Store WITHIN_2KM cutoff 2012-12-01,c5_truss_only,50,0.2,0.2960819109658652
Foursquare Tokyo Department Store WITHIN_2KM cutoff 2012-12-01,c5_truss_only,518,0.2,0.2640681225725909
Foursquare Tokyo Department Store WITHIN_2KM cutoff 2012-12-01,c5_truss_only,557,0.2,0.20210734650054757
Foursquare Tokyo Department Store WITHIN_2KM cutoff 2012-12-01,c5_truss_only,560,0.0,0.0
Foursquare Tokyo Department Store WITHIN_2KM cutoff 2012-12-01,c5_truss_only,564,0.0,0.0
Foursquare Tokyo Department Store WITHIN_2KM cutoff 2012-12-01,c5_truss_only,590,0.0,0.0
Foursquare Tokyo Department Store WITHIN_2KM cutoff 2012-12-01,c5_truss_only,596,0.0,0.0
Foursquare Tokyo Department Store WITHIN_2KM cutoff 2012-12-01,c5_truss_only,607,0.2,1.0
Foursquare Tokyo Department Store WITHIN_2KM cutoff 2012-12-01,c5_truss_only,61,0.0,0.0
Foursquare Tokyo Department Store WITHIN_2KM cutoff 2012-12-01,c5_truss_only,631,0.2,0.46927872602275644
Foursquare Tokyo Department Store WITHIN_2KM cutoff 2012-12-01,c5_truss_only,651,0.0,0.0
Foursquare Tokyo Department Store WITHIN_2KM cutoff 2012-12-01,c5_truss_only,693,0.0,0.0
Foursquare Tokyo Department Store WITHIN_2KM cutoff 2012-12-01,c5_truss_only,707,0.2,0.23719771276929622
Foursquare Tokyo Department Store WITHIN_2KM cutoff 2012-12-01,c5_truss_only,711,0.0,0.0
Foursquare Tokyo Department Store WITHIN_2KM cutoff 2012-12-01,c5_truss_only,718,0.2,0.3065735963827292
Foursquare Tokyo Department Store WITHIN_2KM cutoff 2012-12-01,c5_truss_only,742,0.0,0.0
Foursquare Tokyo Department Store WITHIN_2KM cutoff 2012-12-01,c5_truss_only,786,0.4,0.5087403079104241
Foursquare Tokyo Department Store WITHIN_2KM cutoff 2012-12-01,c5_truss_only,834,0.0,0.0
Foursquare Tokyo Department Store WITHIN_2KM cutoff 2012-12-01,c5_truss_only,852,0.2,0.23719771276929622
Foursquare Tokyo Department Store WITHIN_2KM cutoff 2012-12-01,c5_truss_only,870,0.0,0.0
Foursquare Tokyo Department Store WITHIN_2KM cutoff 2012-12-01,c5_truss_only,878,0.0,0.0
Foursquare Tokyo Department Store WITHIN_2KM cutoff 2012-12-01,c5_truss_only,909,0.0,0.0
Foursquare Tokyo Department Store WITHIN_2KM cutoff 2012-12-01,c5_truss_only,931,0.0,0.0
Foursquare Tokyo Department Store WITHIN_2KM cutoff 2012-12-01,c5_truss_only,95,0.4,0.7039180890341347
Foursquare Tokyo Department Store WITHIN_2KM cutoff 2012-12-01,c5_truss_only,951,0.0,0.0
Foursquare Tokyo Department Store WITHIN_2KM cutoff 2012-12-01,c5_truss_only,96,0.2,1.0
Foursquare Tokyo Department Store WITHIN_2KM cutoff 2012-12-01,c5_truss_only,963,0.0,0.0
Foursquare Tokyo Department Store WITHIN_2KM cutoff 2012-12-01,c5_truss_only,972,0.2,1.0
Foursquare Tokyo Department Store WITHIN_2KM cutoff 2012-12-01,c5_truss_only,991,0.6,0.8318724637288826
Foursquare Tokyo Department Store WITHIN_2KM cutoff 2012-12-01,c5_truss_only,997,0.2,0.38685280723454163
Foursquare Tokyo Department Store WITHIN_2KM cutoff 2012-12-01,c6_truss_only,1005,0.0,0.0
Foursquare Tokyo Department Store WITHIN_2KM cutoff 2012-12-01,c6_truss_only,1020,0.0,0.0
Foursquare Tokyo Department Store WITHIN_2KM cutoff 2012-12-01,c6_truss_only,1023,0.0,0.0
Foursquare Tokyo Department Store WITHIN_2KM cutoff 2012-12-01,c6_truss_only,107,0.0,0.0
Foursquare Tokyo Department Store WITHIN_2KM cutoff 2012-12-01,c6_truss_only,1075,0.0,0.0
Foursquare Tokyo Department Store WITHIN_2KM cutoff 2012-12-01,c6_truss_only,1102,0.0,0.0
Foursquare Tokyo Department Store WITHIN_2KM cutoff 2012-12-01,c6_truss_only,1168,0.0,0.0
Foursquare Tokyo Department Store WITHIN_2KM cutoff 2012-12-01,c6_truss_only,1220,0.0,0.0
Foursquare Tokyo Department Store WITHIN_2KM cutoff 2012-12-01,c6_truss_only,1221,0.0,0.0
Foursquare Tokyo Department Store WITHIN_2KM cutoff 2012-12-01,c6_truss_only,1248,0.0,0.0
Foursquare Tokyo Department Store WITHIN_2KM cutoff 2012-12-01,c6_truss_only,1251,0.0,0.0
Foursquare Tokyo Department Store WITHIN_2KM cutoff 2012-12-01,c6_truss_only,1290,0.0,0.0
Foursquare Tokyo Department Store WITHIN_2KM cutoff 2012-12-01,c6_truss_only,1304,0.2,0.6131471927654584
Foursquare Tokyo Department Store WITHIN_2KM cutoff 2012-12-01,c6_truss_only,1357,0.0,0.0
Foursquare Tokyo Department Store WITHIN_2KM cutoff 2012-12-01,c6_truss_only,1367,0.0,0.0
Foursquare Tokyo Department Store WITHIN_2KM cutoff 2012-12-01,c6_truss_only,1411,0.0,0.0
Foursquare Tokyo Department Store WITHIN_2KM cutoff 2012-12-01,c6_truss_only,1457,0.0,0.0
Foursquare Tokyo Department Store WITHIN_2KM cutoff 2012-12-01,c6_truss_only,1472,0.0,0.0
Foursquare Tokyo Department Store WITHIN_2KM cutoff 2012-12-01,c6_truss_only,1498,0.2,1.0
Foursquare Tokyo Department Store WITHIN_2KM cutoff 2012-12-01,c6_truss_only,1531,0.2,0.6309297535714575
Foursquare Tokyo Department Store WITHIN_2KM cutoff 2012-12-01,c6_truss_only,1548,0.2,1.0
Foursquare Tokyo Department Store WITHIN_2KM cutoff 2012-12-01,c6_truss_only,1566,0.2,1.0
Foursquare Tokyo Department Store WITHIN_2KM cutoff 2012-12-01,c6_truss_only,1587,0.0,0.0
Foursquare Tokyo Department Store WITHIN_2KM cutoff 2012-12-01,c6_truss_only,1596,0.0,0.0
Foursquare Tokyo Department Store WITHIN_2KM cutoff 2012-12-01,c6_truss_only,1614,0.0,0.0
Foursquare Tokyo Department Store WITHIN_2KM cutoff 2012-12-01,c6_truss_only,1621,0.0,0.0
Foursquare Tokyo Department Store WITHIN_2KM cutoff 2012-12-01,c6_truss_only,1635,0.0,0.0
Foursquare Tokyo Department Store WITHIN_2KM cutoff 2012-12-01,c6_truss_only,1693,0.0,0.0
Foursquare Tokyo Department Store WITHIN_2KM cutoff 2012-12-01,c6_truss_only,1701,0.0,0.0
Foursquare Tokyo Department Store WITHIN_2KM cutoff 2012-12-01,c6_truss_only,1714,0.2,0.23463936301137822
Foursquare Tokyo Department Store WITHIN_2KM cutoff 2012-12-01,c6_truss_only,1786,0.0,0.0
Foursquare Tokyo Department Store WITHIN_2KM cutoff 2012-12-01,c6_truss_only,1792,0.2,1.0
Foursquare Tokyo Department Store WITHIN_2KM cutoff 2012-12-01,c6_truss_only,1797,0.2,0.6131471927654584
Foursquare Tokyo Department Store WITHIN_2KM cutoff 2012-12-01,c6_truss_only,1819,0.0,0.0
Foursquare Tokyo Department Store WITHIN_2KM cutoff 2012-12-01,c6_truss_only,1832,0.4,0.5531464700081437
Foursquare Tokyo Department Store WITHIN_2KM cutoff 2012-12-01,c6_truss_only,1889,0.4,0.5531464700081437
Foursquare Tokyo Department Store WITHIN_2KM cutoff 2012-12-01,c6_truss_only,1893,0.0,0.0
Foursquare Tokyo Department Store WITHIN_2KM cutoff 2012-12-01,c6_truss_only,1895,0.0,0.0
Foursquare Tokyo Department Store WITHIN_2KM cutoff 2012-12-01,c6_truss_only,1931,0.0,0.0
Foursquare Tokyo Department Store WITHIN_2KM cutoff 2012-12-01,c6_truss_only,1943,0.0,0.0
Foursquare Tokyo Department Store WITHIN_2KM cutoff 2012-12-01,c6_truss_only,1994,0.2,0.6131471927654584
Foursquare Tokyo Department Store WITHIN_2KM cutoff 2012-12-01,c6_truss_only,2025,0.2,0.38685280723454163
Foursquare Tokyo Department Store WITHIN_2KM cutoff 2012-12-01,c6_truss_only,2044,0.0,0.0
Foursquare Tokyo Department Store WITHIN_2KM cutoff 2012-12-01,c6_truss_only,2047,0.0,0.0
Foursquare Tokyo Department Store WITHIN_2KM cutoff 2012-12-01,c6_truss_only,2073,0.2,0.5
Foursquare Tokyo Department Store WITHIN_2KM cutoff 2012-12-01,c6_truss_only,2077,0.0,0.0
Foursquare Tokyo Department Store WITHIN_2KM cutoff 2012-12-01,c6_truss_only,2097,0.2,0.6131471927654584
Foursquare Tokyo Department Store WITHIN_2KM cutoff 2012-12-01,c6_truss_only,2133,0.0,0.0
Foursquare Tokyo Department Store WITHIN_2KM cutoff 2012-12-01,c6_truss_only,2159,0.0,0.0
Foursquare Tokyo Department Store WITHIN_2KM cutoff 2012-12-01,c6_truss_only,2168,0.0,0.0
Foursquare Tokyo Department Store WITHIN_2KM cutoff 2012-12-01,c6_truss_only,2193,0.0,0.0
Foursquare Tokyo Department Store WITHIN_2KM cutoff 2012-12-01,c6_truss_only,22,0.0,0.0
Foursquare Tokyo Department Store WITHIN_2KM cutoff 2012-12-01,c6_truss_only,2206,0.0,0.0
Foursquare Tokyo Department Store WITHIN_2KM cutoff 2012-12-01,c6_truss_only,2236,0.0,0.0
Foursquare Tokyo Department Store WITHIN_2KM cutoff 2012-12-01,c6_truss_only,2238,0.0,0.0
Foursquare Tokyo Department Store WITHIN_2KM cutoff 2012-12-01,c6_truss_only,2244,0.0,0.0
Foursquare Tokyo Department Store WITHIN_2KM cutoff 2012-12-01,c6_truss_only,2263,0.4,0.5012658353418871
Foursquare Tokyo Department Store WITHIN_2KM cutoff 2012-12-01,c6_truss_only,233,0.2,0.23719771276929622
Foursquare Tokyo Department Store WITHIN_2KM cutoff 2012-12-01,c6_truss_only,236,0.0,0.0
Foursquare Tokyo Department Store WITHIN_2KM cutoff 2012-12-01,c6_truss_only,28,0.4,0.4144299250118475
Foursquare Tokyo Department Store WITHIN_2KM cutoff 2012-12-01,c6_truss_only,285,0.0,0.0
Foursquare Tokyo Department Store WITHIN_2KM cutoff 2012-12-01,c6_truss_only,303,0.0,0.0
Foursquare Tokyo Department Store WITHIN_2KM cutoff 2012-12-01,c6_truss_only,310,0.0,0.0
Foursquare Tokyo Department Store WITHIN_2KM cutoff 2012-12-01,c6_truss_only,331,0.2,0.5
Foursquare Tokyo Department Store WITHIN_2KM cutoff 2012-12-01,c6_truss_only,367,0.2,1.0
Foursquare Tokyo Department Store WITHIN_2KM cutoff 2012-12-01,c6_truss_only,452,0.2,0.23719771276929622
Foursquare Tokyo Department Store WITHIN_2KM cutoff 2012-12-01,c6_truss_only,475,0.0,0.0
Foursquare Tokyo Department Store WITHIN_2KM cutoff 2012-12-01,c6_truss_only,494,0.2,0.6309297535714575
Foursquare Tokyo Department Store WITHIN_2KM cutoff 2012-12-01,c6_truss_only,50,0.2,0.2960819109658652
Foursquare Tokyo Department Store WITHIN_2KM cutoff 2012-12-01,c6_truss_only,518,0.2,0.6131471927654584
Foursquare Tokyo Department Store WITHIN_2KM cutoff 2012-12-01,c6_truss_only,557,0.2,0.20210734650054757
Foursquare Tokyo Department Store WITHIN_2KM cutoff 2012-12-01,c6_truss_only,560,0.2,0.38685280723454163
Foursquare Tokyo Department Store WITHIN_2KM cutoff 2012-12-01,c6_truss_only,564,0.0,0.0
Foursquare Tokyo Department Store WITHIN_2KM cutoff 2012-12-01,c6_truss_only,590,0.0,0.0
Foursquare Tokyo Department Store WITHIN_2KM cutoff 2012-12-01,c6_truss_only,596,0.0,0.0
Foursquare Tokyo Department Store WITHIN_2KM cutoff 2012-12-01,c6_truss_only,607,0.2,1.0
Foursquare Tokyo Department Store WITHIN_2KM cutoff 2012-12-01,c6_truss_only,61,0.0,0.0
Foursquare Tokyo Department Store WITHIN_2KM cutoff 2012-12-01,c6_truss_only,631,0.2,0.46927872602275644
Foursquare Tokyo Department Store WITHIN_2KM cutoff 2012-12-01,c6_truss_only,651,0.0,0.0
Foursquare Tokyo Department Store WITHIN_2KM cutoff 2012-12-01,c6_truss_only,693,0.0,0.0
Foursquare Tokyo Department Store WITHIN_2KM cutoff 2012-12-01,c6_truss_only,707,0.2,0.23719771276929622
Foursquare Tokyo Department Store WITHIN_2KM cutoff 2012-12-01,c6_truss_only,711,0.0,0.0
Foursquare Tokyo Department Store WITHIN_2KM cutoff 2012-12-01,c6_truss_only,718,0.2,0.3065735963827292
Foursquare Tokyo Department Store WITHIN_2KM cutoff 2012-12-01,c6_truss_only,742,0.0,0.0
Foursquare Tokyo Department Store WITHIN_2KM cutoff 2012-12-01,c6_truss_only,786,0.4,0.5087403079104241
Foursquare Tokyo Department Store WITHIN_2KM cutoff 2012-12-01,c6_truss_only,834,0.0,0.0
Foursquare Tokyo Department Store WITHIN_2KM cutoff 2012-12-01,c6_truss_only,852,0.2,0.23719771276929622
Foursquare Tokyo Department Store WITHIN_2KM cutoff 2012-12-01,c6_truss_only,870,0.0,0.0
Foursquare Tokyo Department Store WITHIN_2KM cutoff 2012-12-01,c6_truss_only,878,0.0,0.0
Foursquare Tokyo Department Store WITHIN_2KM cutoff 2012-12-01,c6_truss_only,909,0.0,0.0
Foursquare Tokyo Department Store WITHIN_2KM cutoff 2012-12-01,c6_truss_only,931,0.0,0.0
Foursquare Tokyo Department Store WITHIN_2KM cutoff 2012-12-01,c6_truss_only,95,0.4,0.7039180890341347
Foursquare Tokyo Department Store WITHIN_2KM cutoff 2012-12-01,c6_truss_only,951,0.0,0.0
Foursquare Tokyo Department Store WITHIN_2KM cutoff 2012-12-01,c6_truss_only,96,0.0,0.0
Foursquare Tokyo Department Store WITHIN_2KM cutoff 2012-12-01,c6_truss_only,963,0.0,0.0
Foursquare Tokyo Department Store WITHIN_2KM cutoff 2012-12-01,c6_truss_only,972,0.2,1.0
Foursquare Tokyo Department Store WITHIN_2KM cutoff 2012-12-01,c6_truss_only,991,0.6,0.8318724637288826
Foursquare Tokyo Department Store WITHIN_2KM cutoff 2012-12-01,c6_truss_only,997,0.2,0.6309297535714575
