I:4b0587b8f964a52012a122e3	I:4b35a0aaf964a5204a2e25e3
I:4b0587b8f964a52012a122e3	I:4b582d82f964a520084d28e3
I:4b0587b8f964a52012a122e3	I:4b5bad9cf964a520820f29e3
I:4b0587b8f964a52012a122e3	I:4b5bb41df964a520111129e3
I:4b0587b8f964a52012a122e3	I:4b5beeb7f964a520d61d29e3
I:4b0587b8f964a52012a122e3	I:4b6154f1f964a52056102ae3
I:4b0587b8f964a52012a122e3	I:4b6a851bf964a52093d72be3
I:4b0587b8f964a52012a122e3	I:4b7520b8f964a520b6fe2de3
I:4b0587b8f964a52012a122e3	I:4b91b2e9f964a520c9d033e3
I:4b0587b8f964a52012a122e3	I:4bb596022ea1952114a4aa2f
I:4b0587b8f964a52012a122e3	I:4c56628e30d82d7f9490d762
I:4b0587b8f964a52012a122e3	I:4d3a7f9317312c0fc7e629f2
I:4b0587b8f964a52012a122e3	I:4dd3951cd22dc96be80944d4
I:4b0587b8f964a52012a122e3	I:4e13d537b61c18a826fcd777
I:4b0587b8f964a52012a122e3	I:4e910f436d8615aa713956d3
I:4b0587b8f964a52012a122e3	I:4eb3c2e3469073bbc565879d
I:4b0587b8f964a52012a122e3	I:4f533277e4b036244b07dbd3
I:4b0587b8f964a52012a122e3	U:1049
I:4b0587b8f964a52012a122e3	U:1120
I:4b0587b8f964a52012a122e3	U:1143
I:4b0587b8f964a52012a122e3	U:1152
I:4b0587b8f964a52012a122e3	U:120
I:4b0587b8f964a52012a122e3	U:1389
I:4b0587b8f964a52012a122e3	U:1512
I:4b0587b8f964a52012a122e3	U:1689
I:4b0587b8f964a52012a122e3	U:1733
I:4b0587b8f964a52012a122e3	U:1780
I:4b0587b8f964a52012a122e3	U:1961
I:4b0587b8f964a52012a122e3	U:2081
I:4b0587b8f964a52012a122e3	U:2231
I:4b0587b8f964a52012a122e3	U:232
I:4b0587b8f964a52012a122e3	U:338
I:4b0587b8f964a52012a122e3	U:852
I:4b0587b8f964a52012a122e3	U:92
I:4b0587b8f964a52012a122e3	U:935
I:4b0587b8f964a52012a122e3	U:991
I:4b1df53df964a520811624e3	I:4b5a905df964a52084cb28e3
I:4b1df53df964a520811624e3	I:4b5aa58bf964a52048cf28e3
I:4b1df53df964a520811624e3	I:4b5ad3dbf964a52065d628e3
I:4b1df53df964a520811624e3	I:4b5c0fe0f964a520d62229e3
I:4b1df53df964a520811624e3	I:4b6929aaf964a520ad9a2be3
I:4b1df53df964a520811624e3	I:4b7a0c3cf964a520a2202fe3
I:4b1df53df964a520811624e3	I:4bc010634cdfc9b6eb789221
I:4b1df53df964a520811624e3	I:4bd0416e9854d13a5252f74d
I:4b1df53df964a520811624e3	I:4e33b15962e1733d7aa4f6b8
I:4b1df53df964a520811624e3	I:4ec74b6d775bf65c034080b5
I:4b1df53df964a520811624e3	I:4ec8d5df7ee537da802879a4
I:4b1df53df964a520811624e3	I:4f1548d7e4b03856f421df5e
I:4b1df53df964a520811624e3	I:4f8e3f6ce4b0dcea356eba23
I:4b1df53df964a520811624e3	I:4fab91a3e4b05cb20097aa45
I:4b1df53df964a520811624e3	I:4fe3dcaae4b0d43f1f79a1af
I:4b1df53df964a520811624e3	U:1539
I:4b35706ff964a5202b2d25e3	I:4b526ce7f964a520a67c27e3
I:4b35706ff964a5202b2d25e3	I:4b52730af964a520da7d27e3
I:4b35706ff964a5202b2d25e3	I:4b6036e1f964a5204dda29e3
I:4b35706ff964a5202b2d25e3	I:4b6170d8f964a520a7132ae3
I:4b35706ff964a5202b2d25e3	I:4b63e2c1f964a520c0952ae3
I:4b35706ff964a5202b2d25e3	I:4b7f593ff964a5201d2930e3
I:4b35706ff964a5202b2d25e3	I:4bc04e402a89ef3bd45cf088
I:4b35706ff964a5202b2d25e3	I:4cc7a93e5b7aa14334aa307d
I:4b35706ff964a5202b2d25e3	I:4d148b7c6d1037040f3122bd
I:4b35706ff964a5202b2d25e3	I:4e4cedde18a822288dd822ed
I:4b35706ff964a5202b2d25e3	I:4e4cfe4718388d49816f02a9
I:4b35706ff964a5202b2d25e3	I:4f081a44e4b06fab19031bcb
I:4b35706ff964a5202b2d25e3	I:4f5c13fee4b086681bb56c4f
I:4b35706ff964a5202b2d25e3	I:4f7f9ceae4b023c637e055ec
I:4b35706ff964a5202b2d25e3	U:1005
I:4b35706ff964a5202b2d25e3	U:1008
I:4b35706ff964a5202b2d25e3	U:101
I:4b35706ff964a5202b2d25e3	U:113
I:4b35706ff964a5202b2d25e3	U:1614
I:4b35706ff964a5202b2d25e3	U:1690
I:4b35706ff964a5202b2d25e3	U:1868
I:4b35706ff964a5202b2d25e3	U:1931
I:4b35706ff964a5202b2d25e3	U:1940
I:4b35706ff964a5202b2d25e3	U:1958
I:4b35706ff964a5202b2d25e3	U:2279
I:4b35706ff964a5202b2d25e3	U:345
I:4b35706ff964a5202b2d25e3	U:557
I:4b35706ff964a5202b2d25e3	U:596
I:4b35706ff964a5202b2d25e3	U:599
I:4b35706ff964a5202b2d25e3	U:61
I:4b35706ff964a5202b2d25e3	U:718
I:4b35706ff964a5202b2d25e3	U:789
I:4b35706ff964a5202b2d25e3	U:852
I:4b35a0aaf964a5204a2e25e3	I:4b582d82f964a520084d28e3
I:4b35a0aaf964a5204a2e25e3	I:4b5bad9cf964a520820f29e3
I:4b35a0aaf964a5204a2e25e3	I:4b5bb41df964a520111129e3
I:4b35a0aaf964a5204a2e25e3	I:4b5beeb7f964a520d61d29e3
I:4b35a0aaf964a5204a2e25e3	I:4b6154f1f964a52056102ae3
I:4b35a0aaf964a5204a2e25e3	I:4b6a851bf964a52093d72be3
I:4b35a0aaf964a5204a2e25e3	I:4b7520b8f964a520b6fe2de3
I:4b35a0aaf964a5204a2e25e3	I:4b91b2e9f964a520c9d033e3
I:4b35a0aaf964a5204a2e25e3	I:4bb596022ea1952114a4aa2f
I:4b35a0aaf964a5204a2e25e3	I:4c56628e30d82d7f9490d762
I:4b35a0aaf964a5204a2e25e3	I:4d32a9c2b60937042bc8f9df
I:4b35a0aaf964a5204a2e25e3	I:4d3a7f9317312c0fc7e629f2
I:4b35a0aaf964a5204a2e25e3	I:4dd3951cd22dc96be80944d4
I:4b35a0aaf964a5204a2e25e3	I:4e13d537b61c18a826fcd777
I:4b35a0aaf964a5204a2e25e3	I:4e910f436d8615aa713956d3
I:4b35a0aaf964a5204a2e25e3	I:4eb3c2e3469073bbc565879d
I:4b35a0aaf964a5204a2e25e3	I:4f533277e4b036244b07dbd3
I:4b35a0aaf964a5204a2e25e3	U:1005
I:4b35a0aaf964a5204a2e25e3	U:1044
I:4b35a0aaf964a5204a2e25e3	U:1159
I:4b35a0aaf964a5204a2e25e3	U:1170
I:4b35a0aaf964a5204a2e25e3	U:1187
I:4b35a0aaf964a5204a2e25e3	U:1312
I:4b35a0aaf964a5204a2e25e3	U:1339
I:4b35a0aaf964a5204a2e25e3	U:1447
I:4b35a0aaf964a5204a2e25e3	U:1553
I:4b35a0aaf964a5204a2e25e3	U:1600
I:4b35a0aaf964a5204a2e25e3	U:1772
I:4b35a0aaf964a5204a2e25e3	U:1790
I:4b35a0aaf964a5204a2e25e3	U:1792
I:4b35a0aaf964a5204a2e25e3	U:1820
I:4b35a0aaf964a5204a2e25e3	U:1830
I:4b35a0aaf964a5204a2e25e3	U:1893
I:4b35a0aaf964a5204a2e25e3	U:1945
I:4b35a0aaf964a5204a2e25e3	U:1961
I:4b35a0aaf964a5204a2e25e3	U:1966
I:4b35a0aaf964a5204a2e25e3	U:1994
I:4b35a0aaf964a5204a2e25e3	U:2044
I:4b35a0aaf964a5204a2e25e3	U:2056
I:4b35a0aaf964a5204a2e25e3	U:2187
I:4b35a0aaf964a5204a2e25e3	U:2231
I:4b35a0aaf964a5204a2e25e3	U:259
I:4b35a0aaf964a5204a2e25e3	U:263
I:4b35a0aaf964a5204a2e25e3	U:367
I:4b35a0aaf964a5204a2e25e3	U:572
I:4b35a0aaf964a5204a2e25e3	U:591
I:4b35a0aaf964a5204a2e25e3	U:64
I:4b35a0aaf964a5204a2e25e3	U:686
I:4b35a0aaf964a5204a2e25e3	U:733
I:4b35a0aaf964a5204a2e25e3	U:801
I:4b35a0aaf964a5204a2e25e3	U:808
I:4b35a0aaf964a5204a2e25e3	U:857
I:4b35a0aaf964a5204a2e25e3	U:861
I:4b35a0aaf964a5204a2e25e3	U:931
I:4b35a0aaf964a5204a2e25e3	U:972
I:4b35a0aaf964a5204a2e25e3	U:991
I:4b36cbc0f964a5209d3c25e3	I:4b5bf603f964a520171f29e3
I:4b36cbc0f964a5209d3c25e3	I:4b651198f964a5208ee22ae3
I:4b36cbc0f964a5209d3c25e3	I:4cce8b9e2dc437044415d508
I:4b36cbc0f964a5209d3c25e3	U:209
I:4b36cbc0f964a5209d3c25e3	U:956
I:4b49a6bef964a5202b7226e3	I:4b5542c8f964a52027e027e3
I:4b49a6bef964a5202b7226e3	I:4b5aa058f964a52068ce28e3
I:4b49a6bef964a5202b7226e3	I:4b5bfab8f964a520e91f29e3
I:4b49a6bef964a5202b7226e3	I:4b5bfd03f964a520462029e3
I:4b49a6bef964a5202b7226e3	I:4b62da14f964a5208c552ae3
I:4b49a6bef964a5202b7226e3	I:4b63ca9ef964a520c5912ae3
I:4b49a6bef964a5202b7226e3	I:4b63eb4ff964a52015972ae3
I:4b49a6bef964a5202b7226e3	I:4b7af3d1f964a520e3472fe3
I:4b49a6bef964a5202b7226e3	I:4b7e29e5f964a520ebe42fe3
I:4b49a6bef964a5202b7226e3	I:4b88c6bbf964a520000d32e3
I:4b49a6bef964a5202b7226e3	I:4bd962602e6f0f4780610a08
I:4b49a6bef964a5202b7226e3	I:4c62336158810f4723d2061e
I:4b49a6bef964a5202b7226e3	I:4d32911b5017a093aae54a9b
I:4b49a6bef964a5202b7226e3	I:4d526ef4e02754816d6eb4b6
I:4b49a6bef964a5202b7226e3	I:4df4798c14954f21cf31ea8c
I:4b49a6bef964a5202b7226e3	I:4e12ff58483bee47ff3f2676
I:4b49a6bef964a5202b7226e3	I:4e648c7a8877954de9170315
I:4b49a6bef964a5202b7226e3	I:4eaa005f29c2152deb268308
I:4b49a6bef964a5202b7226e3	I:4ef564018231c11154cb0744
I:4b49a6bef964a5202b7226e3	I:4f66d6ece4b0eae10c7bafee
I:4b49a6bef964a5202b7226e3	I:4f6bd465e4b0600330d4066c
I:4b49a6bef964a5202b7226e3	I:4fab974be4b05cb200996955
I:4b49a6bef964a5202b7226e3	I:4ff147c5e4b05cede0ddeddc
I:4b49a6bef964a5202b7226e3	U:1165
I:4b49a6bef964a5202b7226e3	U:1443
I:4b49a6bef964a5202b7226e3	U:154
I:4b49a6bef964a5202b7226e3	U:185
I:4b49a6bef964a5202b7226e3	U:1961
I:4b49a6bef964a5202b7226e3	U:2025
I:4b49a6bef964a5202b7226e3	U:2077
I:4b49a6bef964a5202b7226e3	U:2131
I:4b49a6bef964a5202b7226e3	U:2133
I:4b49a6bef964a5202b7226e3	U:2231
I:4b49a6bef964a5202b7226e3	U:29
I:4b49a6bef964a5202b7226e3	U:363
I:4b49a6bef964a5202b7226e3	U:415
I:4b49a6bef964a5202b7226e3	U:555
I:4b49a6bef964a5202b7226e3	U:596
I:4b49a6bef964a5202b7226e3	U:760
I:4b49a6bef964a5202b7226e3	U:789
I:4b49a6bef964a5202b7226e3	U:828
I:4b49a6bef964a5202b7226e3	U:849
I:4b526ce7f964a520a67c27e3	I:4b52730af964a520da7d27e3
I:4b526ce7f964a520a67c27e3	I:4b6036e1f964a5204dda29e3
I:4b526ce7f964a520a67c27e3	I:4b6170d8f964a520a7132ae3
I:4b526ce7f964a520a67c27e3	I:4b63e2c1f964a520c0952ae3
I:4b526ce7f964a520a67c27e3	I:4b7f593ff964a5201d2930e3
I:4b526ce7f964a520a67c27e3	I:4bc04e402a89ef3bd45cf088
I:4b526ce7f964a520a67c27e3	I:4cc7a93e5b7aa14334aa307d
I:4b526ce7f964a520a67c27e3	I:4d148b7c6d1037040f3122bd
I:4b526ce7f964a520a67c27e3	I:4e4cedde18a822288dd822ed
I:4b526ce7f964a520a67c27e3	I:4e4cfe4718388d49816f02a9
I:4b526ce7f964a520a67c27e3	I:4f081a44e4b06fab19031bcb
I:4b526ce7f964a520a67c27e3	I:4f5c13fee4b086681bb56c4f
I:4b526ce7f964a520a67c27e3	I:4f7f9ceae4b023c637e055ec
I:4b526ce7f964a520a67c27e3	U:113
I:4b526ce7f964a520a67c27e3	U:1203
I:4b526ce7f964a520a67c27e3	U:1246
I:4b526ce7f964a520a67c27e3	U:1260
I:4b526ce7f964a520a67c27e3	U:1347
I:4b526ce7f964a520a67c27e3	U:1348
I:4b526ce7f964a520a67c27e3	U:139
I:4b526ce7f964a520a67c27e3	U:1460
I:4b526ce7f964a520a67c27e3	U:1537
I:4b526ce7f964a520a67c27e3	U:1547
I:4b526ce7f964a520a67c27e3	U:1595
I:4b526ce7f964a520a67c27e3	U:1632
I:4b526ce7f964a520a67c27e3	U:1659
I:4b526ce7f964a520a67c27e3	U:1695
I:4b526ce7f964a520a67c27e3	U:1698
I:4b526ce7f964a520a67c27e3	U:1865
I:4b526ce7f964a520a67c27e3	U:1879
I:4b526ce7f964a520a67c27e3	U:1890
I:4b526ce7f964a520a67c27e3	U:1910
I:4b526ce7f964a520a67c27e3	U:1948
I:4b526ce7f964a520a67c27e3	U:206
I:4b526ce7f964a520a67c27e3	U:2084
I:4b526ce7f964a520a67c27e3	U:2194
I:4b526ce7f964a520a67c27e3	U:2230
I:4b526ce7f964a520a67c27e3	U:2233
I:4b526ce7f964a520a67c27e3	U:2242
I:4b526ce7f964a520a67c27e3	U:2257
I:4b526ce7f964a520a67c27e3	U:335
I:4b526ce7f964a520a67c27e3	U:345
I:4b526ce7f964a520a67c27e3	U:416
I:4b526ce7f964a520a67c27e3	U:428
I:4b526ce7f964a520a67c27e3	U:489
I:4b526ce7f964a520a67c27e3	U:601
I:4b526ce7f964a520a67c27e3	U:645
I:4b526ce7f964a520a67c27e3	U:651
I:4b526ce7f964a520a67c27e3	U:78
I:4b526ce7f964a520a67c27e3	U:789
I:4b526ce7f964a520a67c27e3	U:791
I:4b52730af964a520da7d27e3	I:4b6036e1f964a5204dda29e3
I:4b52730af964a520da7d27e3	I:4b6170d8f964a520a7132ae3
I:4b52730af964a520da7d27e3	I:4b7f593ff964a5201d2930e3
I:4b52730af964a520da7d27e3	I:4bc04e402a89ef3bd45cf088
I:4b52730af964a520da7d27e3	I:4cc7a93e5b7aa14334aa307d
I:4b52730af964a520da7d27e3	I:4d148b7c6d1037040f3122bd
I:4b52730af964a520da7d27e3	I:4e4cedde18a822288dd822ed
I:4b52730af964a520da7d27e3	I:4e4cfe4718388d49816f02a9
I:4b52730af964a520da7d27e3	I:4f081a44e4b06fab19031bcb
I:4b52730af964a520da7d27e3	I:4f5c13fee4b086681bb56c4f
I:4b52730af964a520da7d27e3	I:4f7f9ceae4b023c637e055ec
I:4b52730af964a520da7d27e3	U:1005
I:4b52730af964a520da7d27e3	U:1076
I:4b52730af964a520da7d27e3	U:113
I:4b52730af964a520da7d27e3	U:1186
I:4b52730af964a520da7d27e3	U:136
I:4b52730af964a520da7d27e3	U:1608
I:4b52730af964a520da7d27e3	U:1641
I:4b52730af964a520da7d27e3	U:2036
I:4b52730af964a520da7d27e3	U:215
I:4b52730af964a520da7d27e3	U:27
I:4b52730af964a520da7d27e3	U:403
I:4b52730af964a520da7d27e3	U:491
I:4b52730af964a520da7d27e3	U:566
I:4b52730af964a520da7d27e3	U:61
I:4b52730af964a520da7d27e3	U:852
I:4b52730af964a520da7d27e3	U:96
I:4b5542c8f964a52027e027e3	I:4b5aa058f964a52068ce28e3
I:4b5542c8f964a52027e027e3	I:4b5bfab8f964a520e91f29e3
I:4b5542c8f964a52027e027e3	I:4b5bfd03f964a520462029e3
I:4b5542c8f964a52027e027e3	I:4b62da14f964a5208c552ae3
I:4b5542c8f964a52027e027e3	I:4b63ca9ef964a520c5912ae3
I:4b5542c8f964a52027e027e3	I:4b63eb4ff964a52015972ae3
I:4b5542c8f964a52027e027e3	I:4b7af3d1f964a520e3472fe3
I:4b5542c8f964a52027e027e3	I:4b7e29e5f964a520ebe42fe3
I:4b5542c8f964a52027e027e3	I:4b88c6bbf964a520000d32e3
I:4b5542c8f964a52027e027e3	I:4bd962602e6f0f4780610a08
I:4b5542c8f964a52027e027e3	I:4c62336158810f4723d2061e
I:4b5542c8f964a52027e027e3	I:4d32911b5017a093aae54a9b
I:4b5542c8f964a52027e027e3	I:4d526ef4e02754816d6eb4b6
I:4b5542c8f964a52027e027e3	I:4df4798c14954f21cf31ea8c
I:4b5542c8f964a52027e027e3	I:4e12ff58483bee47ff3f2676
I:4b5542c8f964a52027e027e3	I:4e648c7a8877954de9170315
I:4b5542c8f964a52027e027e3	I:4eaa005f29c2152deb268308
I:4b5542c8f964a52027e027e3	I:4ef564018231c11154cb0744
I:4b5542c8f964a52027e027e3	I:4f66d6ece4b0eae10c7bafee
I:4b5542c8f964a52027e027e3	I:4f6bd465e4b0600330d4066c
I:4b5542c8f964a52027e027e3	I:4fab974be4b05cb200996955
I:4b5542c8f964a52027e027e3	I:4ff147c5e4b05cede0ddeddc
I:4b5542c8f964a52027e027e3	U:1061
I:4b5542c8f964a52027e027e3	U:1102
I:4b5542c8f964a52027e027e3	U:1168
I:4b5542c8f964a52027e027e3	U:133
I:4b5542c8f964a52027e027e3	U:1352
I:4b5542c8f964a52027e027e3	U:1463
I:4b5542c8f964a52027e027e3	U:1505
I:4b5542c8f964a52027e027e3	U:1529
I:4b5542c8f964a52027e027e3	U:1702
I:4b5542c8f964a52027e027e3	U:1710
I:4b5542c8f964a52027e027e3	U:1792
I:4b5542c8f964a52027e027e3	U:1858
I:4b5542c8f964a52027e027e3	U:1889
I:4b5542c8f964a52027e027e3	U:1894
I:4b5542c8f964a52027e027e3	U:1961
I:4b5542c8f964a52027e027e3	U:1975
I:4b5542c8f964a52027e027e3	U:2019
I:4b5542c8f964a52027e027e3	U:2233
I:4b5542c8f964a52027e027e3	U:2286
I:4b5542c8f964a52027e027e3	U:288
I:4b5542c8f964a52027e027e3	U:29
I:4b5542c8f964a52027e027e3	U:296
I:4b5542c8f964a52027e027e3	U:34
I:4b5542c8f964a52027e027e3	U:366
I:4b5542c8f964a52027e027e3	U:408
I:4b5542c8f964a52027e027e3	U:445
I:4b5542c8f964a52027e027e3	U:449
I:4b5542c8f964a52027e027e3	U:456
I:4b5542c8f964a52027e027e3	U:475
I:4b5542c8f964a52027e027e3	U:519
I:4b5542c8f964a52027e027e3	U:596
I:4b5542c8f964a52027e027e3	U:615
I:4b5542c8f964a52027e027e3	U:630
I:4b5542c8f964a52027e027e3	U:786
I:4b5542c8f964a52027e027e3	U:849
I:4b5542c8f964a52027e027e3	U:854
I:4b5542c8f964a52027e027e3	U:866
I:4b5542c8f964a52027e027e3	U:921
I:4b5542c8f964a52027e027e3	U:95
I:4b57041cf964a520e82228e3	U:786
I:4b57171cf964a520052628e3	I:4b5a9d21f964a520c6cd28e3
I:4b57171cf964a520052628e3	I:4b5be59df964a520331c29e3
I:4b57171cf964a520052628e3	U:1904
I:4b57171cf964a520052628e3	U:2219
I:4b57171cf964a520052628e3	U:285
I:4b57171cf964a520052628e3	U:364
I:4b57171cf964a520052628e3	U:545
I:4b57171cf964a520052628e3	U:596
I:4b57171cf964a520052628e3	U:789
I:4b57171cf964a520052628e3	U:812
I:4b58051ef964a520c54828e3	I:4b67d1a8f964a520795e2be3
I:4b58051ef964a520c54828e3	I:4d03226d26adb1f71bbcca70
I:4b58051ef964a520c54828e3	U:116
I:4b58051ef964a520c54828e3	U:1200
I:4b58051ef964a520c54828e3	U:1251
I:4b58051ef964a520c54828e3	U:1256
I:4b58051ef964a520c54828e3	U:1357
I:4b58051ef964a520c54828e3	U:138
I:4b58051ef964a520c54828e3	U:1399
I:4b58051ef964a520c54828e3	U:1400
I:4b58051ef964a520c54828e3	U:1479
I:4b58051ef964a520c54828e3	U:150
I:4b58051ef964a520c54828e3	U:1518
I:4b58051ef964a520c54828e3	U:1596
I:4b58051ef964a520c54828e3	U:1754
I:4b58051ef964a520c54828e3	U:1837
I:4b58051ef964a520c54828e3	U:1889
I:4b58051ef964a520c54828e3	U:351
I:4b58051ef964a520c54828e3	U:442
I:4b58051ef964a520c54828e3	U:512
I:4b58051ef964a520c54828e3	U:611
I:4b58051ef964a520c54828e3	U:760
I:4b58051ef964a520c54828e3	U:797
I:4b58051ef964a520c54828e3	U:819
I:4b58051ef964a520c54828e3	U:931
I:4b58051ef964a520c54828e3	U:979
I:4b58051ef964a520c54828e3	U:992
I:4b582d82f964a520084d28e3	I:4b5bad9cf964a520820f29e3
I:4b582d82f964a520084d28e3	I:4b5bb41df964a520111129e3
I:4b582d82f964a520084d28e3	I:4b5beeb7f964a520d61d29e3
I:4b582d82f964a520084d28e3	I:4b6154f1f964a52056102ae3
I:4b582d82f964a520084d28e3	I:4b6a851bf964a52093d72be3
I:4b582d82f964a520084d28e3	I:4b7520b8f964a520b6fe2de3
I:4b582d82f964a520084d28e3	I:4b91b2e9f964a520c9d033e3
I:4b582d82f964a520084d28e3	I:4bb596022ea1952114a4aa2f
I:4b582d82f964a520084d28e3	I:4c56628e30d82d7f9490d762
I:4b582d82f964a520084d28e3	I:4d3a7f9317312c0fc7e629f2
I:4b582d82f964a520084d28e3	I:4dd3951cd22dc96be80944d4
I:4b582d82f964a520084d28e3	I:4e13d537b61c18a826fcd777
I:4b582d82f964a520084d28e3	I:4e910f436d8615aa713956d3
I:4b582d82f964a520084d28e3	I:4eb3c2e3469073bbc565879d
I:4b582d82f964a520084d28e3	I:4f533277e4b036244b07dbd3
I:4b582d82f964a520084d28e3	U:1042
I:4b582d82f964a520084d28e3	U:1102
I:4b582d82f964a520084d28e3	U:1144
I:4b582d82f964a520084d28e3	U:1299
I:4b582d82f964a520084d28e3	U:1358
I:4b582d82f964a520084d28e3	U:1392
I:4b582d82f964a520084d28e3	U:1497
I:4b582d82f964a520084d28e3	U:1512
I:4b582d82f964a520084d28e3	U:1740
I:4b582d82f964a520084d28e3	U:175
I:4b582d82f964a520084d28e3	U:1779
I:4b582d82f964a520084d28e3	U:1786
I:4b582d82f964a520084d28e3	U:1852
I:4b582d82f964a520084d28e3	U:1864
I:4b582d82f964a520084d28e3	U:19
I:4b582d82f964a520084d28e3	U:1959
I:4b582d82f964a520084d28e3	U:20
I:4b582d82f964a520084d28e3	U:2141
I:4b582d82f964a520084d28e3	U:2262
I:4b582d82f964a520084d28e3	U:2279
I:4b582d82f964a520084d28e3	U:285
I:4b582d82f964a520084d28e3	U:30
I:4b582d82f964a520084d28e3	U:428
I:4b582d82f964a520084d28e3	U:434
I:4b582d82f964a520084d28e3	U:51
I:4b582d82f964a520084d28e3	U:540
I:4b582d82f964a520084d28e3	U:587
I:4b582d82f964a520084d28e3	U:598
I:4b582d82f964a520084d28e3	U:786
I:4b582d82f964a520084d28e3	U:972
I:4b582d82f964a520084d28e3	U:977
I:4b5855d5f964a5204b5328e3	I:4b5abaa5f964a52056d228e3
I:4b5855d5f964a5204b5328e3	I:4b652cfff964a5209ee72ae3
I:4b5855d5f964a5204b5328e3	I:4b68dccdf964a520a0902be3
I:4b5855d5f964a5204b5328e3	I:4b8e297bf964a520ff1933e3
I:4b5855d5f964a5204b5328e3	U:1075
I:4b5855d5f964a5204b5328e3	U:1234
I:4b5855d5f964a5204b5328e3	U:1258
I:4b5855d5f964a5204b5328e3	U:137
I:4b5855d5f964a5204b5328e3	U:1429
I:4b5855d5f964a5204b5328e3	U:1478
I:4b5855d5f964a5204b5328e3	U:1714
I:4b5855d5f964a5204b5328e3	U:1753
I:4b5855d5f964a5204b5328e3	U:1879
I:4b5855d5f964a5204b5328e3	U:1963
I:4b5855d5f964a5204b5328e3	U:2026
I:4b5855d5f964a5204b5328e3	U:485
I:4b5855d5f964a5204b5328e3	U:510
I:4b5855d5f964a5204b5328e3	U:742
I:4b5855d5f964a5204b5328e3	U:758
I:4b5855d5f964a5204b5328e3	U:870
I:4b5855d5f964a5204b5328e3	U:898
I:4b59f1ecf964a520d0a228e3	I:4b739b04f964a520b7b52de3
I:4b59f1ecf964a520d0a228e3	I:4d8575a9509137043cbd975b
I:4b59f1ecf964a520d0a228e3	I:4df30577b61cbd3ec019ddb8
I:4b59f1ecf964a520d0a228e3	U:1005
I:4b59f1ecf964a520d0a228e3	U:1889
I:4b59f1ecf964a520d0a228e3	U:1895
I:4b5a839df964a5201fc928e3	U:778
I:4b5a905df964a52084cb28e3	I:4b5aa58bf964a52048cf28e3
I:4b5a905df964a52084cb28e3	I:4b5ad3dbf964a52065d628e3
I:4b5a905df964a52084cb28e3	I:4b5c0fe0f964a520d62229e3
I:4b5a905df964a52084cb28e3	I:4b6929aaf964a520ad9a2be3
I:4b5a905df964a52084cb28e3	I:4b7a0c3cf964a520a2202fe3
I:4b5a905df964a52084cb28e3	I:4bc010634cdfc9b6eb789221
I:4b5a905df964a52084cb28e3	I:4bd0416e9854d13a5252f74d
I:4b5a905df964a52084cb28e3	I:4e33b15962e1733d7aa4f6b8
I:4b5a905df964a52084cb28e3	I:4ec74b6d775bf65c034080b5
I:4b5a905df964a52084cb28e3	I:4ec8d5df7ee537da802879a4
I:4b5a905df964a52084cb28e3	I:4f1548d7e4b03856f421df5e
I:4b5a905df964a52084cb28e3	I:4f8e3f6ce4b0dcea356eba23
I:4b5a905df964a52084cb28e3	I:4fab91a3e4b05cb20097aa45
I:4b5a905df964a52084cb28e3	I:4fe3dcaae4b0d43f1f79a1af
I:4b5a905df964a52084cb28e3	U:1562
I:4b5a905df964a52084cb28e3	U:1832
I:4b5a905df964a52084cb28e3	U:1859
I:4b5a905df964a52084cb28e3	U:1893
I:4b5a905df964a52084cb28e3	U:1919
I:4b5a905df964a52084cb28e3	U:1958
I:4b5a905df964a52084cb28e3	U:2041
I:4b5a905df964a52084cb28e3	U:331
I:4b5a905df964a52084cb28e3	U:466
I:4b5a905df964a52084cb28e3	U:78
I:4b5a905df964a52084cb28e3	U:90
I:4b5a9d21f964a520c6cd28e3	I:4b5be59df964a520331c29e3
I:4b5a9d21f964a520c6cd28e3	U:1160
I:4b5a9d21f964a520c6cd28e3	U:1248
I:4b5a9d21f964a520c6cd28e3	U:1390
I:4b5a9d21f964a520c6cd28e3	U:1812
I:4b5a9d21f964a520c6cd28e3	U:1997
I:4b5a9d21f964a520c6cd28e3	U:2044
I:4b5a9d21f964a520c6cd28e3	U:2210
I:4b5a9d21f964a520c6cd28e3	U:2219
I:4b5a9d21f964a520c6cd28e3	U:2234
I:4b5a9d21f964a520c6cd28e3	U:285
I:4b5a9d21f964a520c6cd28e3	U:311
I:4b5a9d21f964a520c6cd28e3	U:542
I:4b5a9d21f964a520c6cd28e3	U:560
I:4b5a9d21f964a520c6cd28e3	U:596
I:4b5a9d21f964a520c6cd28e3	U:812
I:4b5a9de1f964a520edcd28e3	I:4b875774f964a52040bc31e3
I:4b5a9de1f964a520edcd28e3	I:4bd91f570115c9b63b8b7680
I:4b5a9de1f964a520edcd28e3	U:1028
I:4b5a9de1f964a520edcd28e3	U:115
I:4b5a9de1f964a520edcd28e3	U:1162
I:4b5a9de1f964a520edcd28e3	U:1176
I:4b5a9de1f964a520edcd28e3	U:1602
I:4b5a9de1f964a520edcd28e3	U:285
I:4b5aa058f964a52068ce28e3	I:4b5bfab8f964a520e91f29e3
I:4b5aa058f964a52068ce28e3	I:4b5bfd03f964a520462029e3
I:4b5aa058f964a52068ce28e3	I:4b62da14f964a5208c552ae3
I:4b5aa058f964a52068ce28e3	I:4b63ca9ef964a520c5912ae3
I:4b5aa058f964a52068ce28e3	I:4b63eb4ff964a52015972ae3
I:4b5aa058f964a52068ce28e3	I:4b7af3d1f964a520e3472fe3
I:4b5aa058f964a52068ce28e3	I:4b7e29e5f964a520ebe42fe3
I:4b5aa058f964a52068ce28e3	I:4b88c6bbf964a520000d32e3
I:4b5aa058f964a52068ce28e3	I:4bd962602e6f0f4780610a08
I:4b5aa058f964a52068ce28e3	I:4c62336158810f4723d2061e
I:4b5aa058f964a52068ce28e3	I:4d32911b5017a093aae54a9b
I:4b5aa058f964a52068ce28e3	I:4d526ef4e02754816d6eb4b6
I:4b5aa058f964a52068ce28e3	I:4df4798c14954f21cf31ea8c
I:4b5aa058f964a52068ce28e3	I:4e12ff58483bee47ff3f2676
I:4b5aa058f964a52068ce28e3	I:4e648c7a8877954de9170315
I:4b5aa058f964a52068ce28e3	I:4eaa005f29c2152deb268308
I:4b5aa058f964a52068ce28e3	I:4ef564018231c11154cb0744
I:4b5aa058f964a52068ce28e3	I:4f66d6ece4b0eae10c7bafee
I:4b5aa058f964a52068ce28e3	I:4f6bd465e4b0600330d4066c
I:4b5aa058f964a52068ce28e3	I:4fab974be4b05cb200996955
I:4b5aa058f964a52068ce28e3	I:4ff147c5e4b05cede0ddeddc
I:4b5aa058f964a52068ce28e3	U:1005
I:4b5aa058f964a52068ce28e3	U:1098
I:4b5aa058f964a52068ce28e3	U:1221
I:4b5aa058f964a52068ce28e3	U:1304
I:4b5aa058f964a52068ce28e3	U:1367
I:4b5aa058f964a52068ce28e3	U:1384
I:4b5aa058f964a52068ce28e3	U:1390
I:4b5aa058f964a52068ce28e3	U:1402
I:4b5aa058f964a52068ce28e3	U:1429
I:4b5aa058f964a52068ce28e3	U:1443
I:4b5aa058f964a52068ce28e3	U:1448
I:4b5aa058f964a52068ce28e3	U:1533
I:4b5aa058f964a52068ce28e3	U:1557
I:4b5aa058f964a52068ce28e3	U:1621
I:4b5aa058f964a52068ce28e3	U:1701
I:4b5aa058f964a52068ce28e3	U:1713
I:4b5aa058f964a52068ce28e3	U:1772
I:4b5aa058f964a52068ce28e3	U:1774
I:4b5aa058f964a52068ce28e3	U:1777
I:4b5aa058f964a52068ce28e3	U:1782
I:4b5aa058f964a52068ce28e3	U:1785
I:4b5aa058f964a52068ce28e3	U:181
I:4b5aa058f964a52068ce28e3	U:1819
I:4b5aa058f964a52068ce28e3	U:1845
I:4b5aa058f964a52068ce28e3	U:193
I:4b5aa058f964a52068ce28e3	U:1931
I:4b5aa058f964a52068ce28e3	U:1963
I:4b5aa058f964a52068ce28e3	U:2091
I:4b5aa058f964a52068ce28e3	U:2104
I:4b5aa058f964a52068ce28e3	U:2122
I:4b5aa058f964a52068ce28e3	U:2137
I:4b5aa058f964a52068ce28e3	U:2138
I:4b5aa058f964a52068ce28e3	U:2160
I:4b5aa058f964a52068ce28e3	U:2178
I:4b5aa058f964a52068ce28e3	U:2193
I:4b5aa058f964a52068ce28e3	U:2231
I:4b5aa058f964a52068ce28e3	U:28
I:4b5aa058f964a52068ce28e3	U:283
I:4b5aa058f964a52068ce28e3	U:310
I:4b5aa058f964a52068ce28e3	U:329
I:4b5aa058f964a52068ce28e3	U:34
I:4b5aa058f964a52068ce28e3	U:352
I:4b5aa058f964a52068ce28e3	U:428
I:4b5aa058f964a52068ce28e3	U:651
I:4b5aa058f964a52068ce28e3	U:699
I:4b5aa058f964a52068ce28e3	U:733
I:4b5aa058f964a52068ce28e3	U:742
I:4b5aa058f964a52068ce28e3	U:747
I:4b5aa058f964a52068ce28e3	U:762
I:4b5aa058f964a52068ce28e3	U:786
I:4b5aa058f964a52068ce28e3	U:789
I:4b5aa058f964a52068ce28e3	U:850
I:4b5aa058f964a52068ce28e3	U:852
I:4b5aa058f964a52068ce28e3	U:863
I:4b5aa058f964a52068ce28e3	U:927
I:4b5aa058f964a52068ce28e3	U:968
I:4b5aa58bf964a52048cf28e3	I:4b5ad3dbf964a52065d628e3
I:4b5aa58bf964a52048cf28e3	I:4b5c0fe0f964a520d62229e3
I:4b5aa58bf964a52048cf28e3	I:4b6929aaf964a520ad9a2be3
I:4b5aa58bf964a52048cf28e3	I:4b7a0c3cf964a520a2202fe3
I:4b5aa58bf964a52048cf28e3	I:4bc010634cdfc9b6eb789221
I:4b5aa58bf964a52048cf28e3	I:4bd0416e9854d13a5252f74d
I:4b5aa58bf964a52048cf28e3	I:4e33b15962e1733d7aa4f6b8
I:4b5aa58bf964a52048cf28e3	I:4ec74b6d775bf65c034080b5
I:4b5aa58bf964a52048cf28e3	I:4ec8d5df7ee537da802879a4
I:4b5aa58bf964a52048cf28e3	I:4f1548d7e4b03856f421df5e
I:4b5aa58bf964a52048cf28e3	I:4f8e3f6ce4b0dcea356eba23
I:4b5aa58bf964a52048cf28e3	I:4fab91a3e4b05cb20097aa45
I:4b5aa58bf964a52048cf28e3	I:4fe3dcaae4b0d43f1f79a1af
I:4b5aa58bf964a52048cf28e3	U:1001
I:4b5aa58bf964a52048cf28e3	U:1078
I:4b5aa58bf964a52048cf28e3	U:1134
I:4b5aa58bf964a52048cf28e3	U:1167
I:4b5aa58bf964a52048cf28e3	U:1176
I:4b5aa58bf964a52048cf28e3	U:1237
I:4b5aa58bf964a52048cf28e3	U:1260
I:4b5aa58bf964a52048cf28e3	U:136
I:4b5aa58bf964a52048cf28e3	U:1399
I:4b5aa58bf964a52048cf28e3	U:1414
I:4b5aa58bf964a52048cf28e3	U:1424
I:4b5aa58bf964a52048cf28e3	U:145
I:4b5aa58bf964a52048cf28e3	U:1477
I:4b5aa58bf964a52048cf28e3	U:1531
I:4b5aa58bf964a52048cf28e3	U:1562
I:4b5aa58bf964a52048cf28e3	U:1596
I:4b5aa58bf964a52048cf28e3	U:1635
I:4b5aa58bf964a52048cf28e3	U:1693
I:4b5aa58bf964a52048cf28e3	U:1732
I:4b5aa58bf964a52048cf28e3	U:1834
I:4b5aa58bf964a52048cf28e3	U:1849
I:4b5aa58bf964a52048cf28e3	U:1893
I:4b5aa58bf964a52048cf28e3	U:1948
I:4b5aa58bf964a52048cf28e3	U:1986
I:4b5aa58bf964a52048cf28e3	U:2029
I:4b5aa58bf964a52048cf28e3	U:2182
I:4b5aa58bf964a52048cf28e3	U:2290
I:4b5aa58bf964a52048cf28e3	U:30
I:4b5aa58bf964a52048cf28e3	U:368
I:4b5aa58bf964a52048cf28e3	U:417
I:4b5aa58bf964a52048cf28e3	U:436
I:4b5aa58bf964a52048cf28e3	U:652
I:4b5aa58bf964a52048cf28e3	U:762
I:4b5aa58bf964a52048cf28e3	U:78
I:4b5aa58bf964a52048cf28e3	U:789
I:4b5aa58bf964a52048cf28e3	U:798
I:4b5aa58bf964a52048cf28e3	U:838
I:4b5aa58bf964a52048cf28e3	U:944
I:4b5aa5eff964a5205ccf28e3	I:4b5aa67af964a52072cf28e3
I:4b5aa5eff964a5205ccf28e3	U:1325
I:4b5aa5eff964a5205ccf28e3	U:1436
I:4b5aa5eff964a5205ccf28e3	U:1924
I:4b5aa5eff964a5205ccf28e3	U:902
I:4b5aa67af964a52072cf28e3	U:1204
I:4b5aa67af964a52072cf28e3	U:1318
I:4b5aa67af964a52072cf28e3	U:1924
I:4b5aa67af964a52072cf28e3	U:2182
I:4b5aa67af964a52072cf28e3	U:2190
I:4b5aa67af964a52072cf28e3	U:86
I:4b5aa67af964a52072cf28e3	U:902
I:4b5abaa5f964a52056d228e3	I:4b652cfff964a5209ee72ae3
I:4b5abaa5f964a52056d228e3	I:4b68dccdf964a520a0902be3
I:4b5abaa5f964a52056d228e3	I:4b8e297bf964a520ff1933e3
I:4b5abaa5f964a52056d228e3	U:1127
I:4b5abaa5f964a52056d228e3	U:1714
I:4b5abaa5f964a52056d228e3	U:1866
I:4b5abaa5f964a52056d228e3	U:1968
I:4b5abaa5f964a52056d228e3	U:198
I:4b5abaa5f964a52056d228e3	U:2025
I:4b5abaa5f964a52056d228e3	U:2044
I:4b5abaa5f964a52056d228e3	U:2142
I:4b5abaa5f964a52056d228e3	U:270
I:4b5abaa5f964a52056d228e3	U:336
I:4b5abaa5f964a52056d228e3	U:742
I:4b5abaa5f964a52056d228e3	U:807
I:4b5ac0a7f964a5204bd328e3	I:4b68ee86f964a520c4932be3
I:4b5ac0a7f964a5204bd328e3	U:1738
I:4b5ac0a7f964a5204bd328e3	U:50
I:4b5ad3dbf964a52065d628e3	I:4b5c0fe0f964a520d62229e3
I:4b5ad3dbf964a52065d628e3	I:4b6929aaf964a520ad9a2be3
I:4b5ad3dbf964a52065d628e3	I:4b7a0c3cf964a520a2202fe3
I:4b5ad3dbf964a52065d628e3	I:4bc010634cdfc9b6eb789221
I:4b5ad3dbf964a52065d628e3	I:4bd0416e9854d13a5252f74d
I:4b5ad3dbf964a52065d628e3	I:4e33b15962e1733d7aa4f6b8
I:4b5ad3dbf964a52065d628e3	I:4ec74b6d775bf65c034080b5
I:4b5ad3dbf964a52065d628e3	I:4ec8d5df7ee537da802879a4
I:4b5ad3dbf964a52065d628e3	I:4f1548d7e4b03856f421df5e
I:4b5ad3dbf964a52065d628e3	I:4f8e3f6ce4b0dcea356eba23
I:4b5ad3dbf964a52065d628e3	I:4fab91a3e4b05cb20097aa45
I:4b5ad3dbf964a52065d628e3	I:4fe3dcaae4b0d43f1f79a1af
I:4b5ad3dbf964a52065d628e3	U:1045
I:4b5ad3dbf964a52065d628e3	U:1693
I:4b5ad3dbf964a52065d628e3	U:2047
I:4b5ad3dbf964a52065d628e3	U:438
I:4b5ad6e3f964a520ecd628e3	U:1052
I:4b5ad6e3f964a520ecd628e3	U:1162
I:4b5ad6e3f964a520ecd628e3	U:1472
I:4b5ad6e3f964a520ecd628e3	U:2163
I:4b5ad6e3f964a520ecd628e3	U:355
I:4b5bad9cf964a520820f29e3	I:4b5bb41df964a520111129e3
I:4b5bad9cf964a520820f29e3	I:4b5beeb7f964a520d61d29e3
I:4b5bad9cf964a520820f29e3	I:4b6154f1f964a52056102ae3
I:4b5bad9cf964a520820f29e3	I:4b6a851bf964a52093d72be3
I:4b5bad9cf964a520820f29e3	I:4b7520b8f964a520b6fe2de3
I:4b5bad9cf964a520820f29e3	I:4b91b2e9f964a520c9d033e3
I:4b5bad9cf964a520820f29e3	I:4bb596022ea1952114a4aa2f
I:4b5bad9cf964a520820f29e3	I:4c56628e30d82d7f9490d762
I:4b5bad9cf964a520820f29e3	I:4d3a7f9317312c0fc7e629f2
I:4b5bad9cf964a520820f29e3	I:4dd3951cd22dc96be80944d4
I:4b5bad9cf964a520820f29e3	I:4e13d537b61c18a826fcd777
I:4b5bad9cf964a520820f29e3	I:4e910f436d8615aa713956d3
I:4b5bad9cf964a520820f29e3	I:4eb3c2e3469073bbc565879d
I:4b5bad9cf964a520820f29e3	I:4f533277e4b036244b07dbd3
I:4b5bad9cf964a520820f29e3	U:1005
I:4b5bad9cf964a520820f29e3	U:1077
I:4b5bad9cf964a520820f29e3	U:1102
I:4b5bad9cf964a520820f29e3	U:1158
I:4b5bad9cf964a520820f29e3	U:1226
I:4b5bad9cf964a520820f29e3	U:1403
I:4b5bad9cf964a520820f29e3	U:1523
I:4b5bad9cf964a520820f29e3	U:1541
I:4b5bad9cf964a520820f29e3	U:1715
I:4b5bad9cf964a520820f29e3	U:1786
I:4b5bad9cf964a520820f29e3	U:1917
I:4b5bad9cf964a520820f29e3	U:1943
I:4b5bad9cf964a520820f29e3	U:1971
I:4b5bad9cf964a520820f29e3	U:2124
I:4b5bad9cf964a520820f29e3	U:2139
I:4b5bad9cf964a520820f29e3	U:2147
I:4b5bad9cf964a520820f29e3	U:2159
I:4b5bad9cf964a520820f29e3	U:2247
I:4b5bad9cf964a520820f29e3	U:236
I:4b5bad9cf964a520820f29e3	U:261
I:4b5bad9cf964a520820f29e3	U:367
I:4b5bad9cf964a520820f29e3	U:406
I:4b5bad9cf964a520820f29e3	U:434
I:4b5bad9cf964a520820f29e3	U:438
I:4b5bad9cf964a520820f29e3	U:456
I:4b5bad9cf964a520820f29e3	U:578
I:4b5bad9cf964a520820f29e3	U:61
I:4b5bad9cf964a520820f29e3	U:693
I:4b5bad9cf964a520820f29e3	U:747
I:4b5bad9cf964a520820f29e3	U:760
I:4b5bad9cf964a520820f29e3	U:789
I:4b5bad9cf964a520820f29e3	U:878
I:4b5bad9cf964a520820f29e3	U:963
I:4b5bb41df964a520111129e3	I:4b5beeb7f964a520d61d29e3
I:4b5bb41df964a520111129e3	I:4b6154f1f964a52056102ae3
I:4b5bb41df964a520111129e3	I:4b6a851bf964a52093d72be3
I:4b5bb41df964a520111129e3	I:4b7520b8f964a520b6fe2de3
I:4b5bb41df964a520111129e3	I:4b91b2e9f964a520c9d033e3
I:4b5bb41df964a520111129e3	I:4bb596022ea1952114a4aa2f
I:4b5bb41df964a520111129e3	I:4c56628e30d82d7f9490d762
I:4b5bb41df964a520111129e3	I:4d3a7f9317312c0fc7e629f2
I:4b5bb41df964a520111129e3	I:4dd3951cd22dc96be80944d4
I:4b5bb41df964a520111129e3	I:4e13d537b61c18a826fcd777
I:4b5bb41df964a520111129e3	I:4e910f436d8615aa713956d3
I:4b5bb41df964a520111129e3	I:4eb3c2e3469073bbc565879d
I:4b5bb41df964a520111129e3	I:4f533277e4b036244b07dbd3
I:4b5bb41df964a520111129e3	U:1000
I:4b5bb41df964a520111129e3	U:1005
I:4b5bb41df964a520111129e3	U:1024
I:4b5bb41df964a520111129e3	U:1036
I:4b5bb41df964a520111129e3	U:1042
I:4b5bb41df964a520111129e3	U:1075
I:4b5bb41df964a520111129e3	U:1120
I:4b5bb41df964a520111129e3	U:1152
I:4b5bb41df964a520111129e3	U:1299
I:4b5bb41df964a520111129e3	U:1403
I:4b5bb41df964a520111129e3	U:1412
I:4b5bb41df964a520111129e3	U:1504
I:4b5bb41df964a520111129e3	U:1523
I:4b5bb41df964a520111129e3	U:1627
I:4b5bb41df964a520111129e3	U:1693
I:4b5bb41df964a520111129e3	U:1716
I:4b5bb41df964a520111129e3	U:1731
I:4b5bb41df964a520111129e3	U:1741
I:4b5bb41df964a520111129e3	U:1747
I:4b5bb41df964a520111129e3	U:1753
I:4b5bb41df964a520111129e3	U:1792
I:4b5bb41df964a520111129e3	U:1816
I:4b5bb41df964a520111129e3	U:1961
I:4b5bb41df964a520111129e3	U:20
I:4b5bb41df964a520111129e3	U:2005
I:4b5bb41df964a520111129e3	U:2073
I:4b5bb41df964a520111129e3	U:2098
I:4b5bb41df964a520111129e3	U:2139
I:4b5bb41df964a520111129e3	U:2159
I:4b5bb41df964a520111129e3	U:2206
I:4b5bb41df964a520111129e3	U:2236
I:4b5bb41df964a520111129e3	U:26
I:4b5bb41df964a520111129e3	U:28
I:4b5bb41df964a520111129e3	U:285
I:4b5bb41df964a520111129e3	U:291
I:4b5bb41df964a520111129e3	U:434
I:4b5bb41df964a520111129e3	U:438
I:4b5bb41df964a520111129e3	U:440
I:4b5bb41df964a520111129e3	U:50
I:4b5bb41df964a520111129e3	U:62
I:4b5bb41df964a520111129e3	U:622
I:4b5bb41df964a520111129e3	U:760
I:4b5bb41df964a520111129e3	U:789
I:4b5bb41df964a520111129e3	U:808
I:4b5bb41df964a520111129e3	U:843
I:4b5bb41df964a520111129e3	U:865
I:4b5bb41df964a520111129e3	U:879
I:4b5bb41df964a520111129e3	U:93
I:4b5bb41df964a520111129e3	U:943
I:4b5bdb89f964a520171a29e3	U:2122
I:4b5bdb89f964a520171a29e3	U:389
I:4b5be175f964a5206c1b29e3	I:4c09d81c6071a593e6bade32
I:4b5be175f964a5206c1b29e3	U:1106
I:4b5be175f964a5206c1b29e3	U:1413
I:4b5be175f964a5206c1b29e3	U:1430
I:4b5be175f964a5206c1b29e3	U:184
I:4b5be175f964a5206c1b29e3	U:2090
I:4b5be175f964a5206c1b29e3	U:287
I:4b5be175f964a5206c1b29e3	U:622
I:4b5be175f964a5206c1b29e3	U:789
I:4b5be59df964a520331c29e3	U:1004
I:4b5be59df964a520331c29e3	U:1034
I:4b5be59df964a520331c29e3	U:1390
I:4b5be59df964a520331c29e3	U:154
I:4b5be59df964a520331c29e3	U:560
I:4b5be59df964a520331c29e3	U:64
I:4b5be59df964a520331c29e3	U:81
I:4b5be59df964a520331c29e3	U:964
I:4b5be779f964a520981c29e3	I:4c9c3876d3c2b60c2f14b6bc
I:4b5be779f964a520981c29e3	I:4cf073097e0da1cd73b78b97
I:4b5be779f964a520981c29e3	U:1052
I:4b5be779f964a520981c29e3	U:1799
I:4b5be779f964a520981c29e3	U:1986
I:4b5be779f964a520981c29e3	U:2062
I:4b5be779f964a520981c29e3	U:2121
I:4b5beeb7f964a520d61d29e3	I:4b6154f1f964a52056102ae3
I:4b5beeb7f964a520d61d29e3	I:4b6a851bf964a52093d72be3
I:4b5beeb7f964a520d61d29e3	I:4b7520b8f964a520b6fe2de3
I:4b5beeb7f964a520d61d29e3	I:4b91b2e9f964a520c9d033e3
I:4b5beeb7f964a520d61d29e3	I:4bb596022ea1952114a4aa2f
I:4b5beeb7f964a520d61d29e3	I:4c56628e30d82d7f9490d762
I:4b5beeb7f964a520d61d29e3	I:4d32a9c2b60937042bc8f9df
I:4b5beeb7f964a520d61d29e3	I:4d3a7f9317312c0fc7e629f2
I:4b5beeb7f964a520d61d29e3	I:4dd3951cd22dc96be80944d4
I:4b5beeb7f964a520d61d29e3	I:4e13d537b61c18a826fcd777
I:4b5beeb7f964a520d61d29e3	I:4e910f436d8615aa713956d3
I:4b5beeb7f964a520d61d29e3	I:4eb3c2e3469073bbc565879d
I:4b5beeb7f964a520d61d29e3	I:4f533277e4b036244b07dbd3
I:4b5beeb7f964a520d61d29e3	U:1005
I:4b5beeb7f964a520d61d29e3	U:102
I:4b5beeb7f964a520d61d29e3	U:1134
I:4b5beeb7f964a520d61d29e3	U:1135
I:4b5beeb7f964a520d61d29e3	U:1187
I:4b5beeb7f964a520d61d29e3	U:1322
I:4b5beeb7f964a520d61d29e3	U:1463
I:4b5beeb7f964a520d61d29e3	U:1502
I:4b5beeb7f964a520d61d29e3	U:1748
I:4b5beeb7f964a520d61d29e3	U:1772
I:4b5beeb7f964a520d61d29e3	U:1792
I:4b5beeb7f964a520d61d29e3	U:1796
I:4b5beeb7f964a520d61d29e3	U:1819
I:4b5beeb7f964a520d61d29e3	U:1889
I:4b5beeb7f964a520d61d29e3	U:1917
I:4b5beeb7f964a520d61d29e3	U:2094
I:4b5beeb7f964a520d61d29e3	U:2236
I:4b5beeb7f964a520d61d29e3	U:2249
I:4b5beeb7f964a520d61d29e3	U:401
I:4b5beeb7f964a520d61d29e3	U:423
I:4b5beeb7f964a520d61d29e3	U:50
I:4b5beeb7f964a520d61d29e3	U:548
I:4b5beeb7f964a520d61d29e3	U:593
I:4b5beeb7f964a520d61d29e3	U:61
I:4b5beeb7f964a520d61d29e3	U:672
I:4b5beeb7f964a520d61d29e3	U:680
I:4b5beeb7f964a520d61d29e3	U:691
I:4b5beeb7f964a520d61d29e3	U:733
I:4b5beeb7f964a520d61d29e3	U:789
I:4b5beeb7f964a520d61d29e3	U:852
I:4b5beeb7f964a520d61d29e3	U:884
I:4b5beeb7f964a520d61d29e3	U:943
I:4b5beeb7f964a520d61d29e3	U:974
I:4b5bf603f964a520171f29e3	I:4b651198f964a5208ee22ae3
I:4b5bf603f964a520171f29e3	I:4cce8b9e2dc437044415d508
I:4b5bf603f964a520171f29e3	U:1304
I:4b5bf603f964a520171f29e3	U:1318
I:4b5bf603f964a520171f29e3	U:1436
I:4b5bf603f964a520171f29e3	U:1466
I:4b5bf603f964a520171f29e3	U:1480
I:4b5bf603f964a520171f29e3	U:1648
I:4b5bf603f964a520171f29e3	U:2169
I:4b5bf603f964a520171f29e3	U:370
I:4b5bf603f964a520171f29e3	U:41
I:4b5bf603f964a520171f29e3	U:707
I:4b5bf603f964a520171f29e3	U:822
I:4b5bf603f964a520171f29e3	U:890
I:4b5bfab8f964a520e91f29e3	I:4b5bfd03f964a520462029e3
I:4b5bfab8f964a520e91f29e3	I:4b62da14f964a5208c552ae3
I:4b5bfab8f964a520e91f29e3	I:4b63ca9ef964a520c5912ae3
I:4b5bfab8f964a520e91f29e3	I:4b63eb4ff964a52015972ae3
I:4b5bfab8f964a520e91f29e3	I:4b7af3d1f964a520e3472fe3
I:4b5bfab8f964a520e91f29e3	I:4b7e29e5f964a520ebe42fe3
I:4b5bfab8f964a520e91f29e3	I:4b88c6bbf964a520000d32e3
I:4b5bfab8f964a520e91f29e3	I:4bd962602e6f0f4780610a08
I:4b5bfab8f964a520e91f29e3	I:4c62336158810f4723d2061e
I:4b5bfab8f964a520e91f29e3	I:4d32911b5017a093aae54a9b
I:4b5bfab8f964a520e91f29e3	I:4d526ef4e02754816d6eb4b6
I:4b5bfab8f964a520e91f29e3	I:4df4798c14954f21cf31ea8c
I:4b5bfab8f964a520e91f29e3	I:4e12ff58483bee47ff3f2676
I:4b5bfab8f964a520e91f29e3	I:4e648c7a8877954de9170315
I:4b5bfab8f964a520e91f29e3	I:4eaa005f29c2152deb268308
I:4b5bfab8f964a520e91f29e3	I:4ef564018231c11154cb0744
I:4b5bfab8f964a520e91f29e3	I:4f66d6ece4b0eae10c7bafee
I:4b5bfab8f964a520e91f29e3	I:4f6bd465e4b0600330d4066c
I:4b5bfab8f964a520e91f29e3	I:4fab974be4b05cb200996955
I:4b5bfab8f964a520e91f29e3	I:4ff147c5e4b05cede0ddeddc
I:4b5bfab8f964a520e91f29e3	U:1192
I:4b5bfab8f964a520e91f29e3	U:1272
I:4b5bfab8f964a520e91f29e3	U:1443
I:4b5bfab8f964a520e91f29e3	U:1514
I:4b5bfab8f964a520e91f29e3	U:1858
I:4b5bfab8f964a520e91f29e3	U:22
I:4b5bfab8f964a520e91f29e3	U:229
I:4b5bfab8f964a520e91f29e3	U:30
I:4b5bfab8f964a520e91f29e3	U:36
I:4b5bfab8f964a520e91f29e3	U:394
I:4b5bfab8f964a520e91f29e3	U:450
I:4b5bfab8f964a520e91f29e3	U:462
I:4b5bfab8f964a520e91f29e3	U:596
I:4b5bfd03f964a520462029e3	I:4b62da14f964a5208c552ae3
I:4b5bfd03f964a520462029e3	I:4b63ca9ef964a520c5912ae3
I:4b5bfd03f964a520462029e3	I:4b63eb4ff964a52015972ae3
I:4b5bfd03f964a520462029e3	I:4b7af3d1f964a520e3472fe3
I:4b5bfd03f964a520462029e3	I:4b7e29e5f964a520ebe42fe3
I:4b5bfd03f964a520462029e3	I:4b88c6bbf964a520000d32e3
I:4b5bfd03f964a520462029e3	I:4bd962602e6f0f4780610a08
I:4b5bfd03f964a520462029e3	I:4c62336158810f4723d2061e
I:4b5bfd03f964a520462029e3	I:4d32911b5017a093aae54a9b
I:4b5bfd03f964a520462029e3	I:4d526ef4e02754816d6eb4b6
I:4b5bfd03f964a520462029e3	I:4df4798c14954f21cf31ea8c
I:4b5bfd03f964a520462029e3	I:4e12ff58483bee47ff3f2676
I:4b5bfd03f964a520462029e3	I:4e648c7a8877954de9170315
I:4b5bfd03f964a520462029e3	I:4eaa005f29c2152deb268308
I:4b5bfd03f964a520462029e3	I:4ef564018231c11154cb0744
I:4b5bfd03f964a520462029e3	I:4f66d6ece4b0eae10c7bafee
I:4b5bfd03f964a520462029e3	I:4f6bd465e4b0600330d4066c
I:4b5bfd03f964a520462029e3	I:4fab974be4b05cb200996955
I:4b5bfd03f964a520462029e3	I:4ff147c5e4b05cede0ddeddc
I:4b5bfd03f964a520462029e3	U:1028
I:4b5bfd03f964a520462029e3	U:13
I:4b5bfd03f964a520462029e3	U:1707
I:4b5bfd03f964a520462029e3	U:1831
I:4b5bfd03f964a520462029e3	U:2122
I:4b5bfd03f964a520462029e3	U:415
I:4b5bfd03f964a520462029e3	U:804
I:4b5bfd03f964a520462029e3	U:909
I:4b5c0be8f964a520562229e3	I:4b5c11a5f964a520382329e3
I:4b5c0be8f964a520562229e3	I:4b5d6871f964a5201d5c29e3
I:4b5c0be8f964a520562229e3	I:4b63f798f964a52028992ae3
I:4b5c0be8f964a520562229e3	I:4c1b527463750f475aa2b467
I:4b5c0be8f964a520562229e3	I:4d32a9c2b60937042bc8f9df
I:4b5c0be8f964a520562229e3	I:4d577b04e319a1cdeb420534
I:4b5c0be8f964a520562229e3	I:4ecf58f061af476c0748a1c2
I:4b5c0be8f964a520562229e3	U:1006
I:4b5c0be8f964a520562229e3	U:1075
I:4b5c0be8f964a520562229e3	U:1147
I:4b5c0be8f964a520562229e3	U:1173
I:4b5c0be8f964a520562229e3	U:1405
I:4b5c0be8f964a520562229e3	U:1492
I:4b5c0be8f964a520562229e3	U:1504
I:4b5c0be8f964a520562229e3	U:1635
I:4b5c0be8f964a520562229e3	U:1655
I:4b5c0be8f964a520562229e3	U:167
I:4b5c0be8f964a520562229e3	U:1689
I:4b5c0be8f964a520562229e3	U:1792
I:4b5c0be8f964a520562229e3	U:1851
I:4b5c0be8f964a520562229e3	U:1858
I:4b5c0be8f964a520562229e3	U:1923
I:4b5c0be8f964a520562229e3	U:1950
I:4b5c0be8f964a520562229e3	U:1963
I:4b5c0be8f964a520562229e3	U:2067
I:4b5c0be8f964a520562229e3	U:2082
I:4b5c0be8f964a520562229e3	U:2244
I:4b5c0be8f964a520562229e3	U:2258
I:4b5c0be8f964a520562229e3	U:274
I:4b5c0be8f964a520562229e3	U:598
I:4b5c0be8f964a520562229e3	U:643
I:4b5c0be8f964a520562229e3	U:833
I:4b5c0be8f964a520562229e3	U:847
I:4b5c0fe0f964a520d62229e3	I:4b6929aaf964a520ad9a2be3
I:4b5c0fe0f964a520d62229e3	I:4b7a0c3cf964a520a2202fe3
I:4b5c0fe0f964a520d62229e3	I:4bc010634cdfc9b6eb789221
I:4b5c0fe0f964a520d62229e3	I:4bd0416e9854d13a5252f74d
I:4b5c0fe0f964a520d62229e3	I:4e33b15962e1733d7aa4f6b8
I:4b5c0fe0f964a520d62229e3	I:4ec74b6d775bf65c034080b5
I:4b5c0fe0f964a520d62229e3	I:4ec8d5df7ee537da802879a4
I:4b5c0fe0f964a520d62229e3	I:4f1548d7e4b03856f421df5e
I:4b5c0fe0f964a520d62229e3	I:4f8e3f6ce4b0dcea356eba23
I:4b5c0fe0f964a520d62229e3	I:4fab91a3e4b05cb20097aa45
I:4b5c0fe0f964a520d62229e3	I:4fe3dcaae4b0d43f1f79a1af
I:4b5c0fe0f964a520d62229e3	U:10
I:4b5c0fe0f964a520d62229e3	U:1004
I:4b5c0fe0f964a520d62229e3	U:1005
I:4b5c0fe0f964a520d62229e3	U:1006
I:4b5c0fe0f964a520d62229e3	U:1028
I:4b5c0fe0f964a520d62229e3	U:107
I:4b5c0fe0f964a520d62229e3	U:1077
I:4b5c0fe0f964a520d62229e3	U:1084
I:4b5c0fe0f964a520d62229e3	U:1134
I:4b5c0fe0f964a520d62229e3	U:1143
I:4b5c0fe0f964a520d62229e3	U:1168
I:4b5c0fe0f964a520d62229e3	U:1178
I:4b5c0fe0f964a520d62229e3	U:1211
I:4b5c0fe0f964a520d62229e3	U:1216
I:4b5c0fe0f964a520d62229e3	U:1220
I:4b5c0fe0f964a520d62229e3	U:1229
I:4b5c0fe0f964a520d62229e3	U:1250
I:4b5c0fe0f964a520d62229e3	U:136
I:4b5c0fe0f964a520d62229e3	U:1367
I:4b5c0fe0f964a520d62229e3	U:1402
I:4b5c0fe0f964a520d62229e3	U:1411
I:4b5c0fe0f964a520d62229e3	U:1490
I:4b5c0fe0f964a520d62229e3	U:1507
I:4b5c0fe0f964a520d62229e3	U:1514
I:4b5c0fe0f964a520d62229e3	U:1518
I:4b5c0fe0f964a520d62229e3	U:1527
I:4b5c0fe0f964a520d62229e3	U:1531
I:4b5c0fe0f964a520d62229e3	U:1562
I:4b5c0fe0f964a520d62229e3	U:1585
I:4b5c0fe0f964a520d62229e3	U:1614
I:4b5c0fe0f964a520d62229e3	U:1621
I:4b5c0fe0f964a520d62229e3	U:1636
I:4b5c0fe0f964a520d62229e3	U:164
I:4b5c0fe0f964a520d62229e3	U:1641
I:4b5c0fe0f964a520d62229e3	U:1723
I:4b5c0fe0f964a520d62229e3	U:1741
I:4b5c0fe0f964a520d62229e3	U:1773
I:4b5c0fe0f964a520d62229e3	U:1792
I:4b5c0fe0f964a520d62229e3	U:1832
I:4b5c0fe0f964a520d62229e3	U:1834
I:4b5c0fe0f964a520d62229e3	U:1893
I:4b5c0fe0f964a520d62229e3	U:190
I:4b5c0fe0f964a520d62229e3	U:193
I:4b5c0fe0f964a520d62229e3	U:1933
I:4b5c0fe0f964a520d62229e3	U:1950
I:4b5c0fe0f964a520d62229e3	U:1958
I:4b5c0fe0f964a520d62229e3	U:1961
I:4b5c0fe0f964a520d62229e3	U:1986
I:4b5c0fe0f964a520d62229e3	U:1995
I:4b5c0fe0f964a520d62229e3	U:2044
I:4b5c0fe0f964a520d62229e3	U:2057
I:4b5c0fe0f964a520d62229e3	U:207
I:4b5c0fe0f964a520d62229e3	U:2082
I:4b5c0fe0f964a520d62229e3	U:2115
I:4b5c0fe0f964a520d62229e3	U:2180
I:4b5c0fe0f964a520d62229e3	U:2184
I:4b5c0fe0f964a520d62229e3	U:2252
I:4b5c0fe0f964a520d62229e3	U:2282
I:4b5c0fe0f964a520d62229e3	U:229
I:4b5c0fe0f964a520d62229e3	U:256
I:4b5c0fe0f964a520d62229e3	U:26
I:4b5c0fe0f964a520d62229e3	U:285
I:4b5c0fe0f964a520d62229e3	U:30
I:4b5c0fe0f964a520d62229e3	U:300
I:4b5c0fe0f964a520d62229e3	U:331
I:4b5c0fe0f964a520d62229e3	U:368
I:4b5c0fe0f964a520d62229e3	U:429
I:4b5c0fe0f964a520d62229e3	U:436
I:4b5c0fe0f964a520d62229e3	U:449
I:4b5c0fe0f964a520d62229e3	U:481
I:4b5c0fe0f964a520d62229e3	U:515
I:4b5c0fe0f964a520d62229e3	U:548
I:4b5c0fe0f964a520d62229e3	U:563
I:4b5c0fe0f964a520d62229e3	U:571
I:4b5c0fe0f964a520d62229e3	U:580
I:4b5c0fe0f964a520d62229e3	U:593
I:4b5c0fe0f964a520d62229e3	U:61
I:4b5c0fe0f964a520d62229e3	U:642
I:4b5c0fe0f964a520d62229e3	U:644
I:4b5c0fe0f964a520d62229e3	U:668
I:4b5c0fe0f964a520d62229e3	U:679
I:4b5c0fe0f964a520d62229e3	U:693
I:4b5c0fe0f964a520d62229e3	U:785
I:4b5c0fe0f964a520d62229e3	U:807
I:4b5c0fe0f964a520d62229e3	U:815
I:4b5c0fe0f964a520d62229e3	U:818
I:4b5c0fe0f964a520d62229e3	U:825
I:4b5c0fe0f964a520d62229e3	U:83
I:4b5c0fe0f964a520d62229e3	U:836
I:4b5c0fe0f964a520d62229e3	U:843
I:4b5c0fe0f964a520d62229e3	U:849
I:4b5c0fe0f964a520d62229e3	U:854
I:4b5c0fe0f964a520d62229e3	U:882
I:4b5c0fe0f964a520d62229e3	U:92
I:4b5c0fe0f964a520d62229e3	U:944
I:4b5c0fe0f964a520d62229e3	U:979
I:4b5c11a5f964a520382329e3	I:4b5d6871f964a5201d5c29e3
I:4b5c11a5f964a520382329e3	I:4b63f798f964a52028992ae3
I:4b5c11a5f964a520382329e3	I:4c1b527463750f475aa2b467
I:4b5c11a5f964a520382329e3	I:4d32a9c2b60937042bc8f9df
I:4b5c11a5f964a520382329e3	I:4d577b04e319a1cdeb420534
I:4b5c11a5f964a520382329e3	I:4ecf58f061af476c0748a1c2
I:4b5c11a5f964a520382329e3	U:1527
I:4b5c11a5f964a520382329e3	U:1773
I:4b5c11a5f964a520382329e3	U:2134
I:4b5c11a5f964a520382329e3	U:2258
I:4b5d6871f964a5201d5c29e3	I:4b5e9e59f964a5201c9429e3
I:4b5d6871f964a5201d5c29e3	I:4b63f798f964a52028992ae3
I:4b5d6871f964a5201d5c29e3	I:4c1b527463750f475aa2b467
I:4b5d6871f964a5201d5c29e3	I:4d32a9c2b60937042bc8f9df
I:4b5d6871f964a5201d5c29e3	I:4d577b04e319a1cdeb420534
I:4b5d6871f964a5201d5c29e3	I:4ecf58f061af476c0748a1c2
I:4b5d6871f964a5201d5c29e3	U:106
I:4b5d6871f964a5201d5c29e3	U:1244
I:4b5d6871f964a5201d5c29e3	U:1689
I:4b5d6871f964a5201d5c29e3	U:1851
I:4b5d6871f964a5201d5c29e3	U:1897
I:4b5d6871f964a5201d5c29e3	U:1922
I:4b5d6871f964a5201d5c29e3	U:2177
I:4b5d6871f964a5201d5c29e3	U:279
I:4b5d6871f964a5201d5c29e3	U:875
I:4b5d6871f964a5201d5c29e3	U:901
I:4b5d6871f964a5201d5c29e3	U:942
I:4b5e654bf964a520fa8c29e3	U:1006
I:4b5e654bf964a520fa8c29e3	U:110
I:4b5e654bf964a520fa8c29e3	U:1254
I:4b5e654bf964a520fa8c29e3	U:1331
I:4b5e654bf964a520fa8c29e3	U:1491
I:4b5e654bf964a520fa8c29e3	U:1712
I:4b5e654bf964a520fa8c29e3	U:1853
I:4b5e654bf964a520fa8c29e3	U:2039
I:4b5e654bf964a520fa8c29e3	U:212
I:4b5e654bf964a520fa8c29e3	U:2237
I:4b5e654bf964a520fa8c29e3	U:25
I:4b5e654bf964a520fa8c29e3	U:438
I:4b5e654bf964a520fa8c29e3	U:439
I:4b5e654bf964a520fa8c29e3	U:45
I:4b5e654bf964a520fa8c29e3	U:579
I:4b5e654bf964a520fa8c29e3	U:70
I:4b5e654bf964a520fa8c29e3	U:709
I:4b5e654bf964a520fa8c29e3	U:835
I:4b5e654bf964a520fa8c29e3	U:849
I:4b5e654bf964a520fa8c29e3	U:866
I:4b5e654bf964a520fa8c29e3	U:935
I:4b5e9e59f964a5201c9429e3	I:4b63f798f964a52028992ae3
I:4b5e9e59f964a5201c9429e3	I:4dfdc23f8877e9c474975aa6
I:4b5e9e59f964a5201c9429e3	I:4ecf58f061af476c0748a1c2
I:4b5e9e59f964a5201c9429e3	U:1113
I:4b5e9e59f964a5201c9429e3	U:1397
I:4b5e9e59f964a5201c9429e3	U:1618
I:4b5e9e59f964a5201c9429e3	U:1655
I:4b5e9e59f964a5201c9429e3	U:1711
I:4b5e9e59f964a5201c9429e3	U:2149
I:4b5e9e59f964a5201c9429e3	U:242
I:4b5e9e59f964a5201c9429e3	U:406
I:4b5e9e59f964a5201c9429e3	U:564
I:4b600f20f964a52087d429e3	I:4b7a66d4f964a520dd2b2fe3
I:4b600f20f964a52087d429e3	U:1186
I:4b600f20f964a52087d429e3	U:1317
I:4b600f20f964a52087d429e3	U:1387
I:4b600f20f964a52087d429e3	U:1407
I:4b600f20f964a52087d429e3	U:1525
I:4b600f20f964a52087d429e3	U:155
I:4b600f20f964a52087d429e3	U:1649
I:4b600f20f964a52087d429e3	U:1701
I:4b600f20f964a52087d429e3	U:1709
I:4b600f20f964a52087d429e3	U:1787
I:4b600f20f964a52087d429e3	U:503
I:4b600f20f964a52087d429e3	U:672
I:4b600f20f964a52087d429e3	U:928
I:4b600f20f964a52087d429e3	U:96
I:4b6036e1f964a5204dda29e3	I:4b6170d8f964a520a7132ae3
I:4b6036e1f964a5204dda29e3	I:4b63e2c1f964a520c0952ae3
I:4b6036e1f964a5204dda29e3	I:4b7f593ff964a5201d2930e3
I:4b6036e1f964a5204dda29e3	I:4bc04e402a89ef3bd45cf088
I:4b6036e1f964a5204dda29e3	I:4cc7a93e5b7aa14334aa307d
I:4b6036e1f964a5204dda29e3	I:4d148b7c6d1037040f3122bd
I:4b6036e1f964a5204dda29e3	I:4e4cedde18a822288dd822ed
I:4b6036e1f964a5204dda29e3	I:4e4cfe4718388d49816f02a9
I:4b6036e1f964a5204dda29e3	I:4f081a44e4b06fab19031bcb
I:4b6036e1f964a5204dda29e3	I:4f5c13fee4b086681bb56c4f
I:4b6036e1f964a5204dda29e3	I:4f7f9ceae4b023c637e055ec
I:4b6036e1f964a5204dda29e3	U:1313
I:4b6036e1f964a5204dda29e3	U:1357
I:4b6036e1f964a5204dda29e3	U:2178
I:4b6036e1f964a5204dda29e3	U:713
I:4b6036e1f964a5204dda29e3	U:718
I:4b6036e1f964a5204dda29e3	U:744
I:4b6036e1f964a5204dda29e3	U:75
I:4b6154f1f964a52056102ae3	I:4b6a851bf964a52093d72be3
I:4b6154f1f964a52056102ae3	I:4b7520b8f964a520b6fe2de3
I:4b6154f1f964a52056102ae3	I:4b91b2e9f964a520c9d033e3
I:4b6154f1f964a52056102ae3	I:4bb596022ea1952114a4aa2f
I:4b6154f1f964a52056102ae3	I:4c56628e30d82d7f9490d762
I:4b6154f1f964a52056102ae3	I:4d3a7f9317312c0fc7e629f2
I:4b6154f1f964a52056102ae3	I:4dd3951cd22dc96be80944d4
I:4b6154f1f964a52056102ae3	I:4e13d537b61c18a826fcd777
I:4b6154f1f964a52056102ae3	I:4e910f436d8615aa713956d3
I:4b6154f1f964a52056102ae3	I:4eb3c2e3469073bbc565879d
I:4b6154f1f964a52056102ae3	I:4f533277e4b036244b07dbd3
I:4b6154f1f964a52056102ae3	U:1159
I:4b6154f1f964a52056102ae3	U:1244
I:4b6154f1f964a52056102ae3	U:1497
I:4b6154f1f964a52056102ae3	U:153
I:4b6154f1f964a52056102ae3	U:1652
I:4b6154f1f964a52056102ae3	U:1660
I:4b6154f1f964a52056102ae3	U:1772
I:4b6154f1f964a52056102ae3	U:1822
I:4b6154f1f964a52056102ae3	U:1896
I:4b6154f1f964a52056102ae3	U:367
I:4b6154f1f964a52056102ae3	U:553
I:4b6154f1f964a52056102ae3	U:760
I:4b6154f1f964a52056102ae3	U:852
I:4b6170d8f964a520a7132ae3	I:4b63e2c1f964a520c0952ae3
I:4b6170d8f964a520a7132ae3	I:4b7f593ff964a5201d2930e3
I:4b6170d8f964a520a7132ae3	I:4bc04e402a89ef3bd45cf088
I:4b6170d8f964a520a7132ae3	I:4cc7a93e5b7aa14334aa307d
I:4b6170d8f964a520a7132ae3	I:4d148b7c6d1037040f3122bd
I:4b6170d8f964a520a7132ae3	I:4e4cedde18a822288dd822ed
I:4b6170d8f964a520a7132ae3	I:4e4cfe4718388d49816f02a9
I:4b6170d8f964a520a7132ae3	I:4f081a44e4b06fab19031bcb
I:4b6170d8f964a520a7132ae3	I:4f5c13fee4b086681bb56c4f
I:4b6170d8f964a520a7132ae3	I:4f7f9ceae4b023c637e055ec
I:4b6170d8f964a520a7132ae3	U:1147
I:4b6170d8f964a520a7132ae3	U:1195
I:4b6170d8f964a520a7132ae3	U:1250
I:4b6170d8f964a520a7132ae3	U:1278
I:4b6170d8f964a520a7132ae3	U:141
I:4b6170d8f964a520a7132ae3	U:1419
I:4b6170d8f964a520a7132ae3	U:1428
I:4b6170d8f964a520a7132ae3	U:1436
I:4b6170d8f964a520a7132ae3	U:1437
I:4b6170d8f964a520a7132ae3	U:1493
I:4b6170d8f964a520a7132ae3	U:1522
I:4b6170d8f964a520a7132ae3	U:1570
I:4b6170d8f964a520a7132ae3	U:1587
I:4b6170d8f964a520a7132ae3	U:1632
I:4b6170d8f964a520a7132ae3	U:1792
I:4b6170d8f964a520a7132ae3	U:1810
I:4b6170d8f964a520a7132ae3	U:2012
I:4b6170d8f964a520a7132ae3	U:2087
I:4b6170d8f964a520a7132ae3	U:2264
I:4b6170d8f964a520a7132ae3	U:283
I:4b6170d8f964a520a7132ae3	U:285
I:4b6170d8f964a520a7132ae3	U:306
I:4b6170d8f964a520a7132ae3	U:342
I:4b6170d8f964a520a7132ae3	U:504
I:4b6170d8f964a520a7132ae3	U:52
I:4b6170d8f964a520a7132ae3	U:593
I:4b6170d8f964a520a7132ae3	U:61
I:4b6170d8f964a520a7132ae3	U:645
I:4b6170d8f964a520a7132ae3	U:718
I:4b6170d8f964a520a7132ae3	U:75
I:4b6170d8f964a520a7132ae3	U:789
I:4b6170d8f964a520a7132ae3	U:808
I:4b624c63f964a52003412ae3	I:4be7e5c588ed2d7faf2dcb1d
I:4b624c63f964a52003412ae3	I:4c25bf82f1272d7f026185c5
I:4b624c63f964a52003412ae3	U:1564
I:4b624c63f964a52003412ae3	U:1581
I:4b624c63f964a52003412ae3	U:1640
I:4b624c63f964a52003412ae3	U:1807
I:4b624c63f964a52003412ae3	U:1902
I:4b624c63f964a52003412ae3	U:283
I:4b624c63f964a52003412ae3	U:880
I:4b62da14f964a5208c552ae3	I:4b63ca9ef964a520c5912ae3
I:4b62da14f964a5208c552ae3	I:4b63eb4ff964a52015972ae3
I:4b62da14f964a5208c552ae3	I:4b7af3d1f964a520e3472fe3
I:4b62da14f964a5208c552ae3	I:4b7e29e5f964a520ebe42fe3
I:4b62da14f964a5208c552ae3	I:4b88c6bbf964a520000d32e3
I:4b62da14f964a5208c552ae3	I:4bd962602e6f0f4780610a08
I:4b62da14f964a5208c552ae3	I:4c62336158810f4723d2061e
I:4b62da14f964a5208c552ae3	I:4d32911b5017a093aae54a9b
I:4b62da14f964a5208c552ae3	I:4d526ef4e02754816d6eb4b6
I:4b62da14f964a5208c552ae3	I:4df4798c14954f21cf31ea8c
I:4b62da14f964a5208c552ae3	I:4e12ff58483bee47ff3f2676
I:4b62da14f964a5208c552ae3	I:4e648c7a8877954de9170315
I:4b62da14f964a5208c552ae3	I:4eaa005f29c2152deb268308
I:4b62da14f964a5208c552ae3	I:4ef564018231c11154cb0744
I:4b62da14f964a5208c552ae3	I:4f66d6ece4b0eae10c7bafee
I:4b62da14f964a5208c552ae3	I:4f6bd465e4b0600330d4066c
I:4b62da14f964a5208c552ae3	I:4fab974be4b05cb200996955
I:4b62da14f964a5208c552ae3	I:4ff147c5e4b05cede0ddeddc
I:4b62da14f964a5208c552ae3	U:107
I:4b62da14f964a5208c552ae3	U:1205
I:4b62da14f964a5208c552ae3	U:1269
I:4b62da14f964a5208c552ae3	U:1469
I:4b62da14f964a5208c552ae3	U:1505
I:4b62da14f964a5208c552ae3	U:1701
I:4b62da14f964a5208c552ae3	U:179
I:4b62da14f964a5208c552ae3	U:1858
I:4b62da14f964a5208c552ae3	U:2154
I:4b62da14f964a5208c552ae3	U:22
I:4b62da14f964a5208c552ae3	U:428
I:4b62da14f964a5208c552ae3	U:449
I:4b62da14f964a5208c552ae3	U:541
I:4b62da14f964a5208c552ae3	U:630
I:4b62da14f964a5208c552ae3	U:847
I:4b62da14f964a5208c552ae3	U:849
I:4b62da14f964a5208c552ae3	U:851
I:4b62f3ddf964a5207f5a2ae3	U:778
I:4b63ca9ef964a520c5912ae3	I:4b63eb4ff964a52015972ae3
I:4b63ca9ef964a520c5912ae3	I:4b7af3d1f964a520e3472fe3
I:4b63ca9ef964a520c5912ae3	I:4b7e29e5f964a520ebe42fe3
I:4b63ca9ef964a520c5912ae3	I:4b88c6bbf964a520000d32e3
I:4b63ca9ef964a520c5912ae3	I:4bd962602e6f0f4780610a08
I:4b63ca9ef964a520c5912ae3	I:4c62336158810f4723d2061e
I:4b63ca9ef964a520c5912ae3	I:4d32911b5017a093aae54a9b
I:4b63ca9ef964a520c5912ae3	I:4d526ef4e02754816d6eb4b6
I:4b63ca9ef964a520c5912ae3	I:4df4798c14954f21cf31ea8c
I:4b63ca9ef964a520c5912ae3	I:4e12ff58483bee47ff3f2676
I:4b63ca9ef964a520c5912ae3	I:4e648c7a8877954de9170315
I:4b63ca9ef964a520c5912ae3	I:4eaa005f29c2152deb268308
I:4b63ca9ef964a520c5912ae3	I:4ef564018231c11154cb0744
I:4b63ca9ef964a520c5912ae3	I:4f66d6ece4b0eae10c7bafee
I:4b63ca9ef964a520c5912ae3	I:4f6bd465e4b0600330d4066c
I:4b63ca9ef964a520c5912ae3	I:4fab974be4b05cb200996955
I:4b63ca9ef964a520c5912ae3	I:4ff147c5e4b05cede0ddeddc
I:4b63ca9ef964a520c5912ae3	U:1128
I:4b63ca9ef964a520c5912ae3	U:122
I:4b63ca9ef964a520c5912ae3	U:1341
I:4b63ca9ef964a520c5912ae3	U:1356
I:4b63ca9ef964a520c5912ae3	U:1437
I:4b63ca9ef964a520c5912ae3	U:1443
I:4b63ca9ef964a520c5912ae3	U:1548
I:4b63ca9ef964a520c5912ae3	U:1673
I:4b63ca9ef964a520c5912ae3	U:1725
I:4b63ca9ef964a520c5912ae3	U:1738
I:4b63ca9ef964a520c5912ae3	U:1772
I:4b63ca9ef964a520c5912ae3	U:1792
I:4b63ca9ef964a520c5912ae3	U:1797
I:4b63ca9ef964a520c5912ae3	U:1858
I:4b63ca9ef964a520c5912ae3	U:1896
I:4b63ca9ef964a520c5912ae3	U:193
I:4b63ca9ef964a520c5912ae3	U:2042
I:4b63ca9ef964a520c5912ae3	U:2093
I:4b63ca9ef964a520c5912ae3	U:2178
I:4b63ca9ef964a520c5912ae3	U:2187
I:4b63ca9ef964a520c5912ae3	U:228
I:4b63ca9ef964a520c5912ae3	U:303
I:4b63ca9ef964a520c5912ae3	U:310
I:4b63ca9ef964a520c5912ae3	U:415
I:4b63ca9ef964a520c5912ae3	U:42
I:4b63ca9ef964a520c5912ae3	U:472
I:4b63ca9ef964a520c5912ae3	U:507
I:4b63ca9ef964a520c5912ae3	U:543
I:4b63ca9ef964a520c5912ae3	U:756
I:4b63ca9ef964a520c5912ae3	U:834
I:4b63e2c1f964a520c0952ae3	I:4b7f593ff964a5201d2930e3
I:4b63e2c1f964a520c0952ae3	I:4bc04e402a89ef3bd45cf088
I:4b63e2c1f964a520c0952ae3	I:4d148b7c6d1037040f3122bd
I:4b63e2c1f964a520c0952ae3	I:4e4cedde18a822288dd822ed
I:4b63e2c1f964a520c0952ae3	I:4f081a44e4b06fab19031bcb
I:4b63e2c1f964a520c0952ae3	I:4f5c13fee4b086681bb56c4f
I:4b63e2c1f964a520c0952ae3	I:4f7f9ceae4b023c637e055ec
I:4b63e2c1f964a520c0952ae3	U:352
I:4b63e2c1f964a520c0952ae3	U:562
I:4b63e2c1f964a520c0952ae3	U:882
I:4b63eb4ff964a52015972ae3	I:4b7af3d1f964a520e3472fe3
I:4b63eb4ff964a52015972ae3	I:4b7e29e5f964a520ebe42fe3
I:4b63eb4ff964a52015972ae3	I:4b88c6bbf964a520000d32e3
I:4b63eb4ff964a52015972ae3	I:4bd962602e6f0f4780610a08
I:4b63eb4ff964a52015972ae3	I:4c62336158810f4723d2061e
I:4b63eb4ff964a52015972ae3	I:4d32911b5017a093aae54a9b
I:4b63eb4ff964a52015972ae3	I:4d526ef4e02754816d6eb4b6
I:4b63eb4ff964a52015972ae3	I:4df4798c14954f21cf31ea8c
I:4b63eb4ff964a52015972ae3	I:4e12ff58483bee47ff3f2676
I:4b63eb4ff964a52015972ae3	I:4e648c7a8877954de9170315
I:4b63eb4ff964a52015972ae3	I:4eaa005f29c2152deb268308
I:4b63eb4ff964a52015972ae3	I:4ef564018231c11154cb0744
I:4b63eb4ff964a52015972ae3	I:4f66d6ece4b0eae10c7bafee
I:4b63eb4ff964a52015972ae3	I:4f6bd465e4b0600330d4066c
I:4b63eb4ff964a52015972ae3	I:4fab974be4b05cb200996955
I:4b63eb4ff964a52015972ae3	I:4ff147c5e4b05cede0ddeddc
I:4b63eb4ff964a52015972ae3	U:1021
I:4b63eb4ff964a52015972ae3	U:1221
I:4b63eb4ff964a52015972ae3	U:1309
I:4b63eb4ff964a52015972ae3	U:1458
I:4b63eb4ff964a52015972ae3	U:2108
I:4b63eb4ff964a52015972ae3	U:2193
I:4b63eb4ff964a52015972ae3	U:2263
I:4b63eb4ff964a52015972ae3	U:302
I:4b63eb4ff964a52015972ae3	U:550
I:4b63eb4ff964a52015972ae3	U:583
I:4b63eb4ff964a52015972ae3	U:607
I:4b63eb4ff964a52015972ae3	U:79
I:4b63eb4ff964a52015972ae3	U:824
I:4b63f798f964a52028992ae3	I:4c1b527463750f475aa2b467
I:4b63f798f964a52028992ae3	I:4d32a9c2b60937042bc8f9df
I:4b63f798f964a52028992ae3	I:4d577b04e319a1cdeb420534
I:4b63f798f964a52028992ae3	I:4dfdc23f8877e9c474975aa6
I:4b63f798f964a52028992ae3	I:4ecf58f061af476c0748a1c2
I:4b63f798f964a52028992ae3	U:1086
I:4b63f798f964a52028992ae3	U:1260
I:4b63f798f964a52028992ae3	U:1406
I:4b63f798f964a52028992ae3	U:1655
I:4b63f798f964a52028992ae3	U:167
I:4b63f798f964a52028992ae3	U:1680
I:4b63f798f964a52028992ae3	U:1780
I:4b63f798f964a52028992ae3	U:1816
I:4b63f798f964a52028992ae3	U:1950
I:4b63f798f964a52028992ae3	U:2142
I:4b63f798f964a52028992ae3	U:2201
I:4b63f798f964a52028992ae3	U:438
I:4b63f798f964a52028992ae3	U:471
I:4b63f798f964a52028992ae3	U:50
I:4b63f798f964a52028992ae3	U:590
I:4b63f798f964a52028992ae3	U:787
I:4b63f798f964a52028992ae3	U:835
I:4b63f798f964a52028992ae3	U:844
I:4b63f798f964a52028992ae3	U:990
I:4b651198f964a5208ee22ae3	I:4cce8b9e2dc437044415d508
I:4b651198f964a5208ee22ae3	U:1204
I:4b651198f964a5208ee22ae3	U:1276
I:4b651198f964a5208ee22ae3	U:1304
I:4b651198f964a5208ee22ae3	U:1318
I:4b651198f964a5208ee22ae3	U:1350
I:4b651198f964a5208ee22ae3	U:1366
I:4b651198f964a5208ee22ae3	U:1468
I:4b651198f964a5208ee22ae3	U:1499
I:4b651198f964a5208ee22ae3	U:1592
I:4b651198f964a5208ee22ae3	U:163
I:4b651198f964a5208ee22ae3	U:1690
I:4b651198f964a5208ee22ae3	U:1701
I:4b651198f964a5208ee22ae3	U:2044
I:4b651198f964a5208ee22ae3	U:209
I:4b651198f964a5208ee22ae3	U:2133
I:4b651198f964a5208ee22ae3	U:216
I:4b651198f964a5208ee22ae3	U:2160
I:4b651198f964a5208ee22ae3	U:226
I:4b651198f964a5208ee22ae3	U:349
I:4b651198f964a5208ee22ae3	U:41
I:4b651198f964a5208ee22ae3	U:725
I:4b651198f964a5208ee22ae3	U:822
I:4b651361f964a520f5e22ae3	I:4d87295c40a7a35d82fc41be
I:4b651361f964a520f5e22ae3	U:1016
I:4b651361f964a520f5e22ae3	U:1086
I:4b651361f964a520f5e22ae3	U:2217
I:4b651361f964a520f5e22ae3	U:533
I:4b651b5df964a52079e42ae3	U:116
I:4b651b5df964a52079e42ae3	U:1529
I:4b651b5df964a52079e42ae3	U:1792
I:4b651b5df964a52079e42ae3	U:214
I:4b651b5df964a52079e42ae3	U:2160
I:4b651b5df964a52079e42ae3	U:284
I:4b651b5df964a52079e42ae3	U:329
I:4b651b5df964a52079e42ae3	U:339
I:4b651b5df964a52079e42ae3	U:349
I:4b651b5df964a52079e42ae3	U:462
I:4b651b5df964a52079e42ae3	U:519
I:4b651b5df964a52079e42ae3	U:789
I:4b652cfff964a5209ee72ae3	I:4b68dccdf964a520a0902be3
I:4b652cfff964a5209ee72ae3	I:4b8e297bf964a520ff1933e3
I:4b652cfff964a5209ee72ae3	U:1968
I:4b652cfff964a5209ee72ae3	U:807
I:4b65817ef964a520bdf22ae3	I:4d44f7491ed56dcb0c3bb654
I:4b65817ef964a520bdf22ae3	U:1676
I:4b65817ef964a520bdf22ae3	U:1818
I:4b65817ef964a520bdf22ae3	U:233
I:4b65817ef964a520bdf22ae3	U:433
I:4b65817ef964a520bdf22ae3	U:611
I:4b67d1a8f964a520795e2be3	I:4d03226d26adb1f71bbcca70
I:4b67d1a8f964a520795e2be3	I:4d87295c40a7a35d82fc41be
I:4b67d1a8f964a520795e2be3	U:1086
I:4b67d1a8f964a520795e2be3	U:116
I:4b67d1a8f964a520795e2be3	U:141
I:4b67d1a8f964a520795e2be3	U:1437
I:4b67d1a8f964a520795e2be3	U:1580
I:4b67d1a8f964a520795e2be3	U:161
I:4b67d1a8f964a520795e2be3	U:1891
I:4b67d1a8f964a520795e2be3	U:233
I:4b67d1a8f964a520795e2be3	U:596
I:4b67d1a8f964a520795e2be3	U:992
I:4b68dccdf964a520a0902be3	I:4b8e297bf964a520ff1933e3
I:4b68dccdf964a520a0902be3	U:137
I:4b68dccdf964a520a0902be3	U:1714
I:4b68dccdf964a520a0902be3	U:1963
I:4b68dccdf964a520a0902be3	U:336
I:4b68dccdf964a520a0902be3	U:510
I:4b68ee86f964a520c4932be3	U:1086
I:4b68f365f964a5208a942be3	I:4be7e5c588ed2d7faf2dcb1d
I:4b68f365f964a5208a942be3	I:4cc7a93e5b7aa14334aa307d
I:4b68f365f964a5208a942be3	I:4e4cedde18a822288dd822ed
I:4b68f365f964a5208a942be3	I:4e4cfe4718388d49816f02a9
I:4b68f365f964a5208a942be3	U:1086
I:4b68f365f964a5208a942be3	U:1120
I:4b68f365f964a5208a942be3	U:1138
I:4b68f365f964a5208a942be3	U:1527
I:4b68f365f964a5208a942be3	U:1553
I:4b68f365f964a5208a942be3	U:707
I:4b68f365f964a5208a942be3	U:731
I:4b68f365f964a5208a942be3	U:808
I:4b690990f964a52098972be3	I:4b690d8ef964a520ff972be3
I:4b690990f964a52098972be3	I:4b6bc201f964a5208f172ce3
I:4b690990f964a52098972be3	I:4b90ffe3f964a520729e33e3
I:4b690990f964a52098972be3	U:1701
I:4b690990f964a52098972be3	U:2044
I:4b690990f964a52098972be3	U:243
I:4b690990f964a52098972be3	U:59
I:4b690990f964a52098972be3	U:65
I:4b690d8ef964a520ff972be3	I:4b6bc201f964a5208f172ce3
I:4b690d8ef964a520ff972be3	I:4b90ffe3f964a520729e33e3
I:4b690d8ef964a520ff972be3	U:1086
I:4b690d8ef964a520ff972be3	U:1779
I:4b690d8ef964a520ff972be3	U:257
I:4b690d8ef964a520ff972be3	U:468
I:4b690d8ef964a520ff972be3	U:990
I:4b6929aaf964a520ad9a2be3	I:4b7a0c3cf964a520a2202fe3
I:4b6929aaf964a520ad9a2be3	I:4bc010634cdfc9b6eb789221
I:4b6929aaf964a520ad9a2be3	I:4bd0416e9854d13a5252f74d
I:4b6929aaf964a520ad9a2be3	I:4e33b15962e1733d7aa4f6b8
I:4b6929aaf964a520ad9a2be3	I:4ec74b6d775bf65c034080b5
I:4b6929aaf964a520ad9a2be3	I:4ec8d5df7ee537da802879a4
I:4b6929aaf964a520ad9a2be3	I:4f1548d7e4b03856f421df5e
I:4b6929aaf964a520ad9a2be3	I:4f8e3f6ce4b0dcea356eba23
I:4b6929aaf964a520ad9a2be3	I:4fab91a3e4b05cb20097aa45
I:4b6929aaf964a520ad9a2be3	I:4fe3dcaae4b0d43f1f79a1af
I:4b6929aaf964a520ad9a2be3	U:1004
I:4b6929aaf964a520ad9a2be3	U:1006
I:4b6929aaf964a520ad9a2be3	U:1209
I:4b6929aaf964a520ad9a2be3	U:1293
I:4b6929aaf964a520ad9a2be3	U:1411
I:4b6929aaf964a520ad9a2be3	U:1472
I:4b6929aaf964a520ad9a2be3	U:1478
I:4b6929aaf964a520ad9a2be3	U:1695
I:4b6929aaf964a520ad9a2be3	U:1736
I:4b6929aaf964a520ad9a2be3	U:1741
I:4b6929aaf964a520ad9a2be3	U:1765
I:4b6929aaf964a520ad9a2be3	U:1943
I:4b6929aaf964a520ad9a2be3	U:2041
I:4b6929aaf964a520ad9a2be3	U:2169
I:4b6929aaf964a520ad9a2be3	U:2230
I:4b6929aaf964a520ad9a2be3	U:2238
I:4b6929aaf964a520ad9a2be3	U:234
I:4b6929aaf964a520ad9a2be3	U:285
I:4b6929aaf964a520ad9a2be3	U:408
I:4b6929aaf964a520ad9a2be3	U:475
I:4b6929aaf964a520ad9a2be3	U:612
I:4b6929aaf964a520ad9a2be3	U:652
I:4b6929aaf964a520ad9a2be3	U:785
I:4b6929aaf964a520ad9a2be3	U:787
I:4b6929aaf964a520ad9a2be3	U:834
I:4b6929aaf964a520ad9a2be3	U:836
I:4b6929aaf964a520ad9a2be3	U:878
I:4b6929aaf964a520ad9a2be3	U:955
I:4b697a2ef964a520d6a32be3	I:4c09d81c6071a593e6bade32
I:4b697a2ef964a520d6a32be3	I:4c39bf961e06d13adc0b7a3e
I:4b697a2ef964a520d6a32be3	I:4e6ae546b0fb8b8a846af7b1
I:4b697a2ef964a520d6a32be3	U:1226
I:4b697a2ef964a520d6a32be3	U:1267
I:4b697a2ef964a520d6a32be3	U:1491
I:4b697a2ef964a520d6a32be3	U:1935
I:4b697a2ef964a520d6a32be3	U:1979
I:4b697a2ef964a520d6a32be3	U:287
I:4b697a2ef964a520d6a32be3	U:74
I:4b697a2ef964a520d6a32be3	U:800
I:4b697a2ef964a520d6a32be3	U:948
I:4b6a851bf964a52093d72be3	I:4b7520b8f964a520b6fe2de3
I:4b6a851bf964a52093d72be3	I:4b91b2e9f964a520c9d033e3
I:4b6a851bf964a52093d72be3	I:4bb596022ea1952114a4aa2f
I:4b6a851bf964a52093d72be3	I:4c56628e30d82d7f9490d762
I:4b6a851bf964a52093d72be3	I:4d32a9c2b60937042bc8f9df
I:4b6a851bf964a52093d72be3	I:4d3a7f9317312c0fc7e629f2
I:4b6a851bf964a52093d72be3	I:4dd3951cd22dc96be80944d4
I:4b6a851bf964a52093d72be3	I:4e13d537b61c18a826fcd777
I:4b6a851bf964a52093d72be3	I:4e910f436d8615aa713956d3
I:4b6a851bf964a52093d72be3	I:4eb3c2e3469073bbc565879d
I:4b6a851bf964a52093d72be3	I:4f533277e4b036244b07dbd3
I:4b6a851bf964a52093d72be3	U:1005
I:4b6a851bf964a52093d72be3	U:1040
I:4b6a851bf964a52093d72be3	U:1113
I:4b6a851bf964a52093d72be3	U:1120
I:4b6a851bf964a52093d72be3	U:1170
I:4b6a851bf964a52093d72be3	U:1296
I:4b6a851bf964a52093d72be3	U:1349
I:4b6a851bf964a52093d72be3	U:1378
I:4b6a851bf964a52093d72be3	U:1396
I:4b6a851bf964a52093d72be3	U:1432
I:4b6a851bf964a52093d72be3	U:1449
I:4b6a851bf964a52093d72be3	U:1535
I:4b6a851bf964a52093d72be3	U:1600
I:4b6a851bf964a52093d72be3	U:1624
I:4b6a851bf964a52093d72be3	U:1693
I:4b6a851bf964a52093d72be3	U:1741
I:4b6a851bf964a52093d72be3	U:1772
I:4b6a851bf964a52093d72be3	U:1792
I:4b6a851bf964a52093d72be3	U:1931
I:4b6a851bf964a52093d72be3	U:1996
I:4b6a851bf964a52093d72be3	U:20
I:4b6a851bf964a52093d72be3	U:207
I:4b6a851bf964a52093d72be3	U:357
I:4b6a851bf964a52093d72be3	U:395
I:4b6a851bf964a52093d72be3	U:401
I:4b6a851bf964a52093d72be3	U:428
I:4b6a851bf964a52093d72be3	U:456
I:4b6a851bf964a52093d72be3	U:62
I:4b6a851bf964a52093d72be3	U:733
I:4b6a851bf964a52093d72be3	U:84
I:4b6a851bf964a52093d72be3	U:935
I:4b6acb5df964a520a0e02be3	I:4c14b3e5a5eb76b0a924c2b7
I:4b6acb5df964a520a0e02be3	U:1851
I:4b6acb5df964a520a0e02be3	U:2097
I:4b6bc201f964a5208f172ce3	I:4b90ffe3f964a520729e33e3
I:4b6bc201f964a5208f172ce3	U:2168
I:4b6c9fc7f964a5206b472ce3	U:1130
I:4b6c9fc7f964a5206b472ce3	U:1159
I:4b6c9fc7f964a5206b472ce3	U:1207
I:4b6c9fc7f964a5206b472ce3	U:1512
I:4b6c9fc7f964a5206b472ce3	U:1693
I:4b6c9fc7f964a5206b472ce3	U:1880
I:4b6c9fc7f964a5206b472ce3	U:1904
I:4b6c9fc7f964a5206b472ce3	U:1951
I:4b6c9fc7f964a5206b472ce3	U:1995
I:4b6c9fc7f964a5206b472ce3	U:2003
I:4b6c9fc7f964a5206b472ce3	U:215
I:4b6c9fc7f964a5206b472ce3	U:261
I:4b6c9fc7f964a5206b472ce3	U:267
I:4b6c9fc7f964a5206b472ce3	U:287
I:4b6c9fc7f964a5206b472ce3	U:61
I:4b6c9fc7f964a5206b472ce3	U:63
I:4b6c9fc7f964a5206b472ce3	U:652
I:4b6c9fc7f964a5206b472ce3	U:695
I:4b6c9fc7f964a5206b472ce3	U:698
I:4b6c9fc7f964a5206b472ce3	U:849
I:4b6c9fc7f964a5206b472ce3	U:949
I:4b6d2fe6f964a520976a2ce3	I:4c3d8a4f15cb1b8d040b7cdc
I:4b6d2fe6f964a520976a2ce3	I:4d5769a2de8f6dcbcd91fe90
I:4b6d2fe6f964a520976a2ce3	U:1023
I:4b6d2fe6f964a520976a2ce3	U:1478
I:4b6d2fe6f964a520976a2ce3	U:836
I:4b6f9ee6f964a5202af82ce3	U:1018
I:4b6f9ee6f964a5202af82ce3	U:1057
I:4b6f9ee6f964a5202af82ce3	U:108
I:4b6f9ee6f964a5202af82ce3	U:1121
I:4b6f9ee6f964a5202af82ce3	U:113
I:4b6f9ee6f964a5202af82ce3	U:1174
I:4b6f9ee6f964a5202af82ce3	U:1239
I:4b6f9ee6f964a5202af82ce3	U:1290
I:4b6f9ee6f964a5202af82ce3	U:1308
I:4b6f9ee6f964a5202af82ce3	U:1360
I:4b6f9ee6f964a5202af82ce3	U:1457
I:4b6f9ee6f964a5202af82ce3	U:1498
I:4b6f9ee6f964a5202af82ce3	U:1511
I:4b6f9ee6f964a5202af82ce3	U:1517
I:4b6f9ee6f964a5202af82ce3	U:1681
I:4b6f9ee6f964a5202af82ce3	U:1764
I:4b6f9ee6f964a5202af82ce3	U:1898
I:4b6f9ee6f964a5202af82ce3	U:1997
I:4b6f9ee6f964a5202af82ce3	U:2044
I:4b6f9ee6f964a5202af82ce3	U:2240
I:4b6f9ee6f964a5202af82ce3	U:263
I:4b6f9ee6f964a5202af82ce3	U:266
I:4b6f9ee6f964a5202af82ce3	U:296
I:4b6f9ee6f964a5202af82ce3	U:298
I:4b6f9ee6f964a5202af82ce3	U:306
I:4b6f9ee6f964a5202af82ce3	U:333
I:4b6f9ee6f964a5202af82ce3	U:363
I:4b6f9ee6f964a5202af82ce3	U:378
I:4b6f9ee6f964a5202af82ce3	U:420
I:4b6f9ee6f964a5202af82ce3	U:50
I:4b6f9ee6f964a5202af82ce3	U:558
I:4b6f9ee6f964a5202af82ce3	U:584
I:4b6f9ee6f964a5202af82ce3	U:596
I:4b6f9ee6f964a5202af82ce3	U:607
I:4b6f9ee6f964a5202af82ce3	U:805
I:4b6f9ee6f964a5202af82ce3	U:866
I:4b6f9ee6f964a5202af82ce3	U:921
I:4b6f9ee6f964a5202af82ce3	U:954
I:4b6f9ee6f964a5202af82ce3	U:956
I:4b6f9ee6f964a5202af82ce3	U:994
I:4b701193f964a520c9052de3	U:834
I:4b701193f964a520c9052de3	U:836
I:4b71176af964a5207a392de3	U:1304
I:4b71176af964a5207a392de3	U:1363
I:4b71176af964a5207a392de3	U:1443
I:4b71176af964a5207a392de3	U:187
I:4b71176af964a5207a392de3	U:2267
I:4b71176af964a5207a392de3	U:437
I:4b739b04f964a520b7b52de3	I:4d8575a9509137043cbd975b
I:4b739b04f964a520b7b52de3	I:4df30577b61cbd3ec019ddb8
I:4b739b04f964a520b7b52de3	U:1379
I:4b739b04f964a520b7b52de3	U:1521
I:4b739b04f964a520b7b52de3	U:1895
I:4b739b04f964a520b7b52de3	U:2194
I:4b739b04f964a520b7b52de3	U:233
I:4b7520b8f964a520b6fe2de3	I:4b91b2e9f964a520c9d033e3
I:4b7520b8f964a520b6fe2de3	I:4bb596022ea1952114a4aa2f
I:4b7520b8f964a520b6fe2de3	I:4c56628e30d82d7f9490d762
I:4b7520b8f964a520b6fe2de3	I:4d3a7f9317312c0fc7e629f2
I:4b7520b8f964a520b6fe2de3	I:4dd3951cd22dc96be80944d4
I:4b7520b8f964a520b6fe2de3	I:4e13d537b61c18a826fcd777
I:4b7520b8f964a520b6fe2de3	I:4e910f436d8615aa713956d3
I:4b7520b8f964a520b6fe2de3	I:4eb3c2e3469073bbc565879d
I:4b7520b8f964a520b6fe2de3	I:4f533277e4b036244b07dbd3
I:4b7520b8f964a520b6fe2de3	U:1106
I:4b7520b8f964a520b6fe2de3	U:1152
I:4b7520b8f964a520b6fe2de3	U:1160
I:4b7520b8f964a520b6fe2de3	U:1205
I:4b7520b8f964a520b6fe2de3	U:1290
I:4b7520b8f964a520b6fe2de3	U:1456
I:4b7520b8f964a520b6fe2de3	U:1747
I:4b7520b8f964a520b6fe2de3	U:178
I:4b7520b8f964a520b6fe2de3	U:1864
I:4b7520b8f964a520b6fe2de3	U:2081
I:4b7520b8f964a520b6fe2de3	U:2141
I:4b7520b8f964a520b6fe2de3	U:2147
I:4b7520b8f964a520b6fe2de3	U:2231
I:4b7520b8f964a520b6fe2de3	U:544
I:4b7520b8f964a520b6fe2de3	U:553
I:4b7520b8f964a520b6fe2de3	U:557
I:4b7520b8f964a520b6fe2de3	U:605
I:4b7520b8f964a520b6fe2de3	U:760
I:4b7520b8f964a520b6fe2de3	U:953
I:4b7520b8f964a520b6fe2de3	U:972
I:4b76624df964a520594a2ee3	I:4b95c4c8f964a5209bb234e3
I:4b76624df964a520594a2ee3	I:4ba61ca4f964a5207c3439e3
I:4b76624df964a520594a2ee3	U:1196
I:4b76624df964a520594a2ee3	U:1456
I:4b76624df964a520594a2ee3	U:1633
I:4b76624df964a520594a2ee3	U:2056
I:4b76624df964a520594a2ee3	U:2150
I:4b76624df964a520594a2ee3	U:962
I:4b77a99ff964a52002a62ee3	I:4c456aeff0bdd13aa2e5cacc
I:4b77a99ff964a52002a62ee3	U:128
I:4b77a99ff964a52002a62ee3	U:579
I:4b7a0c3cf964a520a2202fe3	I:4bc010634cdfc9b6eb789221
I:4b7a0c3cf964a520a2202fe3	I:4bd0416e9854d13a5252f74d
I:4b7a0c3cf964a520a2202fe3	I:4e33b15962e1733d7aa4f6b8
I:4b7a0c3cf964a520a2202fe3	I:4ec74b6d775bf65c034080b5
I:4b7a0c3cf964a520a2202fe3	I:4ec8d5df7ee537da802879a4
I:4b7a0c3cf964a520a2202fe3	I:4f1548d7e4b03856f421df5e
I:4b7a0c3cf964a520a2202fe3	I:4f8e3f6ce4b0dcea356eba23
I:4b7a0c3cf964a520a2202fe3	I:4fab91a3e4b05cb20097aa45
I:4b7a0c3cf964a520a2202fe3	I:4fe3dcaae4b0d43f1f79a1af
I:4b7a0c3cf964a520a2202fe3	U:1424
I:4b7a0c3cf964a520a2202fe3	U:229
I:4b7a66d4f964a520dd2b2fe3	U:1186
I:4b7a66d4f964a520dd2b2fe3	U:1745
I:4b7a66d4f964a520dd2b2fe3	U:1809
I:4b7a66d4f964a520dd2b2fe3	U:2182
I:4b7a66d4f964a520dd2b2fe3	U:928
I:4b7af3d1f964a520e3472fe3	I:4b7e29e5f964a520ebe42fe3
I:4b7af3d1f964a520e3472fe3	I:4b88c6bbf964a520000d32e3
I:4b7af3d1f964a520e3472fe3	I:4bd962602e6f0f4780610a08
I:4b7af3d1f964a520e3472fe3	I:4c62336158810f4723d2061e
I:4b7af3d1f964a520e3472fe3	I:4d32911b5017a093aae54a9b
I:4b7af3d1f964a520e3472fe3	I:4d526ef4e02754816d6eb4b6
I:4b7af3d1f964a520e3472fe3	I:4df4798c14954f21cf31ea8c
I:4b7af3d1f964a520e3472fe3	I:4e12ff58483bee47ff3f2676
I:4b7af3d1f964a520e3472fe3	I:4e648c7a8877954de9170315
I:4b7af3d1f964a520e3472fe3	I:4eaa005f29c2152deb268308
I:4b7af3d1f964a520e3472fe3	I:4ef564018231c11154cb0744
I:4b7af3d1f964a520e3472fe3	I:4f66d6ece4b0eae10c7bafee
I:4b7af3d1f964a520e3472fe3	I:4f6bd465e4b0600330d4066c
I:4b7af3d1f964a520e3472fe3	I:4fab974be4b05cb200996955
I:4b7af3d1f964a520e3472fe3	I:4ff147c5e4b05cede0ddeddc
I:4b7af3d1f964a520e3472fe3	U:1005
I:4b7af3d1f964a520e3472fe3	U:1008
I:4b7af3d1f964a520e3472fe3	U:1020
I:4b7af3d1f964a520e3472fe3	U:1021
I:4b7af3d1f964a520e3472fe3	U:1046
I:4b7af3d1f964a520e3472fe3	U:106
I:4b7af3d1f964a520e3472fe3	U:1075
I:4b7af3d1f964a520e3472fe3	U:1112
I:4b7af3d1f964a520e3472fe3	U:1131
I:4b7af3d1f964a520e3472fe3	U:1149
I:4b7af3d1f964a520e3472fe3	U:1159
I:4b7af3d1f964a520e3472fe3	U:1168
I:4b7af3d1f964a520e3472fe3	U:1221
I:4b7af3d1f964a520e3472fe3	U:1237
I:4b7af3d1f964a520e3472fe3	U:1296
I:4b7af3d1f964a520e3472fe3	U:1302
I:4b7af3d1f964a520e3472fe3	U:1304
I:4b7af3d1f964a520e3472fe3	U:1321
I:4b7af3d1f964a520e3472fe3	U:1341
I:4b7af3d1f964a520e3472fe3	U:1386
I:4b7af3d1f964a520e3472fe3	U:1390
I:4b7af3d1f964a520e3472fe3	U:141
I:4b7af3d1f964a520e3472fe3	U:1430
I:4b7af3d1f964a520e3472fe3	U:1437
I:4b7af3d1f964a520e3472fe3	U:144
I:4b7af3d1f964a520e3472fe3	U:1443
I:4b7af3d1f964a520e3472fe3	U:1465
I:4b7af3d1f964a520e3472fe3	U:1473
I:4b7af3d1f964a520e3472fe3	U:1505
I:4b7af3d1f964a520e3472fe3	U:1518
I:4b7af3d1f964a520e3472fe3	U:152
I:4b7af3d1f964a520e3472fe3	U:154
I:4b7af3d1f964a520e3472fe3	U:1587
I:4b7af3d1f964a520e3472fe3	U:160
I:4b7af3d1f964a520e3472fe3	U:1614
I:4b7af3d1f964a520e3472fe3	U:1632
I:4b7af3d1f964a520e3472fe3	U:1653
I:4b7af3d1f964a520e3472fe3	U:1669
I:4b7af3d1f964a520e3472fe3	U:1683
I:4b7af3d1f964a520e3472fe3	U:1741
I:4b7af3d1f964a520e3472fe3	U:1785
I:4b7af3d1f964a520e3472fe3	U:1819
I:4b7af3d1f964a520e3472fe3	U:1858
I:4b7af3d1f964a520e3472fe3	U:1879
I:4b7af3d1f964a520e3472fe3	U:1888
I:4b7af3d1f964a520e3472fe3	U:1890
I:4b7af3d1f964a520e3472fe3	U:1898
I:4b7af3d1f964a520e3472fe3	U:1905
I:4b7af3d1f964a520e3472fe3	U:1929
I:4b7af3d1f964a520e3472fe3	U:1931
I:4b7af3d1f964a520e3472fe3	U:1969
I:4b7af3d1f964a520e3472fe3	U:1994
I:4b7af3d1f964a520e3472fe3	U:20
I:4b7af3d1f964a520e3472fe3	U:2044
I:4b7af3d1f964a520e3472fe3	U:2062
I:4b7af3d1f964a520e3472fe3	U:2066
I:4b7af3d1f964a520e3472fe3	U:207
I:4b7af3d1f964a520e3472fe3	U:2070
I:4b7af3d1f964a520e3472fe3	U:2160
I:4b7af3d1f964a520e3472fe3	U:2183
I:4b7af3d1f964a520e3472fe3	U:2211
I:4b7af3d1f964a520e3472fe3	U:2238
I:4b7af3d1f964a520e3472fe3	U:2263
I:4b7af3d1f964a520e3472fe3	U:239
I:4b7af3d1f964a520e3472fe3	U:283
I:4b7af3d1f964a520e3472fe3	U:285
I:4b7af3d1f964a520e3472fe3	U:29
I:4b7af3d1f964a520e3472fe3	U:302
I:4b7af3d1f964a520e3472fe3	U:310
I:4b7af3d1f964a520e3472fe3	U:369
I:4b7af3d1f964a520e3472fe3	U:38
I:4b7af3d1f964a520e3472fe3	U:388
I:4b7af3d1f964a520e3472fe3	U:406
I:4b7af3d1f964a520e3472fe3	U:440
I:4b7af3d1f964a520e3472fe3	U:444
I:4b7af3d1f964a520e3472fe3	U:452
I:4b7af3d1f964a520e3472fe3	U:555
I:4b7af3d1f964a520e3472fe3	U:557
I:4b7af3d1f964a520e3472fe3	U:582
I:4b7af3d1f964a520e3472fe3	U:586
I:4b7af3d1f964a520e3472fe3	U:62
I:4b7af3d1f964a520e3472fe3	U:685
I:4b7af3d1f964a520e3472fe3	U:692
I:4b7af3d1f964a520e3472fe3	U:699
I:4b7af3d1f964a520e3472fe3	U:711
I:4b7af3d1f964a520e3472fe3	U:755
I:4b7af3d1f964a520e3472fe3	U:834
I:4b7af3d1f964a520e3472fe3	U:837
I:4b7af3d1f964a520e3472fe3	U:847
I:4b7af3d1f964a520e3472fe3	U:849
I:4b7af3d1f964a520e3472fe3	U:879
I:4b7af3d1f964a520e3472fe3	U:951
I:4b7bc5d9f964a520996d2fe3	I:4c4bff47bad7a5939ee1a0ac
I:4b7bc5d9f964a520996d2fe3	U:1222
I:4b7bc5d9f964a520996d2fe3	U:1427
I:4b7bc5d9f964a520996d2fe3	U:1563
I:4b7bc5d9f964a520996d2fe3	U:1780
I:4b7bc5d9f964a520996d2fe3	U:1816
I:4b7bc5d9f964a520996d2fe3	U:1913
I:4b7bc5d9f964a520996d2fe3	U:1941
I:4b7bc5d9f964a520996d2fe3	U:227
I:4b7bc5d9f964a520996d2fe3	U:274
I:4b7bc5d9f964a520996d2fe3	U:293
I:4b7bc5d9f964a520996d2fe3	U:870
I:4b7bc5d9f964a520996d2fe3	U:965
I:4b7e29e5f964a520ebe42fe3	I:4b88c6bbf964a520000d32e3
I:4b7e29e5f964a520ebe42fe3	I:4bd962602e6f0f4780610a08
I:4b7e29e5f964a520ebe42fe3	I:4c62336158810f4723d2061e
I:4b7e29e5f964a520ebe42fe3	I:4d32911b5017a093aae54a9b
I:4b7e29e5f964a520ebe42fe3	I:4d526ef4e02754816d6eb4b6
I:4b7e29e5f964a520ebe42fe3	I:4df4798c14954f21cf31ea8c
I:4b7e29e5f964a520ebe42fe3	I:4e12ff58483bee47ff3f2676
I:4b7e29e5f964a520ebe42fe3	I:4e648c7a8877954de9170315
I:4b7e29e5f964a520ebe42fe3	I:4eaa005f29c2152deb268308
I:4b7e29e5f964a520ebe42fe3	I:4ef564018231c11154cb0744
I:4b7e29e5f964a520ebe42fe3	I:4f66d6ece4b0eae10c7bafee
I:4b7e29e5f964a520ebe42fe3	I:4f6bd465e4b0600330d4066c
I:4b7e29e5f964a520ebe42fe3	I:4fab974be4b05cb200996955
I:4b7e29e5f964a520ebe42fe3	I:4ff147c5e4b05cede0ddeddc
I:4b7e29e5f964a520ebe42fe3	U:1005
I:4b7e29e5f964a520ebe42fe3	U:106
I:4b7e29e5f964a520ebe42fe3	U:1168
I:4b7e29e5f964a520ebe42fe3	U:1229
I:4b7e29e5f964a520ebe42fe3	U:1248
I:4b7e29e5f964a520ebe42fe3	U:1277
I:4b7e29e5f964a520ebe42fe3	U:1296
I:4b7e29e5f964a520ebe42fe3	U:1304
I:4b7e29e5f964a520ebe42fe3	U:1469
I:4b7e29e5f964a520ebe42fe3	U:1543
I:4b7e29e5f964a520ebe42fe3	U:179
I:4b7e29e5f964a520ebe42fe3	U:1792
I:4b7e29e5f964a520ebe42fe3	U:1858
I:4b7e29e5f964a520ebe42fe3	U:1961
I:4b7e29e5f964a520ebe42fe3	U:1962
I:4b7e29e5f964a520ebe42fe3	U:2047
I:4b7e29e5f964a520ebe42fe3	U:207
I:4b7e29e5f964a520ebe42fe3	U:2122
I:4b7e29e5f964a520ebe42fe3	U:2126
I:4b7e29e5f964a520ebe42fe3	U:2145
I:4b7e29e5f964a520ebe42fe3	U:2160
I:4b7e29e5f964a520ebe42fe3	U:2169
I:4b7e29e5f964a520ebe42fe3	U:2178
I:4b7e29e5f964a520ebe42fe3	U:2231
I:4b7e29e5f964a520ebe42fe3	U:2238
I:4b7e29e5f964a520ebe42fe3	U:2244
I:4b7e29e5f964a520ebe42fe3	U:246
I:4b7e29e5f964a520ebe42fe3	U:296
I:4b7e29e5f964a520ebe42fe3	U:348
I:4b7e29e5f964a520ebe42fe3	U:452
I:4b7e29e5f964a520ebe42fe3	U:475
I:4b7e29e5f964a520ebe42fe3	U:551
I:4b7e29e5f964a520ebe42fe3	U:614
I:4b7e29e5f964a520ebe42fe3	U:699
I:4b7e29e5f964a520ebe42fe3	U:711
I:4b7e29e5f964a520ebe42fe3	U:742
I:4b7e29e5f964a520ebe42fe3	U:766
I:4b7e29e5f964a520ebe42fe3	U:897
I:4b7e29e5f964a520ebe42fe3	U:921
I:4b7f593ff964a5201d2930e3	I:4bc04e402a89ef3bd45cf088
I:4b7f593ff964a5201d2930e3	I:4cc7a93e5b7aa14334aa307d
I:4b7f593ff964a5201d2930e3	I:4d148b7c6d1037040f3122bd
I:4b7f593ff964a5201d2930e3	I:4e4cedde18a822288dd822ed
I:4b7f593ff964a5201d2930e3	I:4e4cfe4718388d49816f02a9
I:4b7f593ff964a5201d2930e3	I:4f081a44e4b06fab19031bcb
I:4b7f593ff964a5201d2930e3	I:4f5c13fee4b086681bb56c4f
I:4b7f593ff964a5201d2930e3	I:4f7f9ceae4b023c637e055ec
I:4b7f593ff964a5201d2930e3	U:1579
I:4b7f593ff964a5201d2930e3	U:1879
I:4b7f593ff964a5201d2930e3	U:494
I:4b7f9ce7f964a520b33630e3	U:637
I:4b7f9ce7f964a520b33630e3	U:847
I:4b84bfbdf964a520144331e3	U:1728
I:4b875774f964a52040bc31e3	I:4bd91f570115c9b63b8b7680
I:4b875774f964a52040bc31e3	U:115
I:4b875774f964a52040bc31e3	U:1162
I:4b875774f964a52040bc31e3	U:1602
I:4b875774f964a52040bc31e3	U:285
I:4b875774f964a52040bc31e3	U:29
I:4b88c6bbf964a520000d32e3	I:4bd962602e6f0f4780610a08
I:4b88c6bbf964a520000d32e3	I:4c62336158810f4723d2061e
I:4b88c6bbf964a520000d32e3	I:4d32911b5017a093aae54a9b
I:4b88c6bbf964a520000d32e3	I:4d526ef4e02754816d6eb4b6
I:4b88c6bbf964a520000d32e3	I:4df4798c14954f21cf31ea8c
I:4b88c6bbf964a520000d32e3	I:4e12ff58483bee47ff3f2676
I:4b88c6bbf964a520000d32e3	I:4e648c7a8877954de9170315
I:4b88c6bbf964a520000d32e3	I:4eaa005f29c2152deb268308
I:4b88c6bbf964a520000d32e3	I:4ef564018231c11154cb0744
I:4b88c6bbf964a520000d32e3	I:4f66d6ece4b0eae10c7bafee
I:4b88c6bbf964a520000d32e3	I:4f6bd465e4b0600330d4066c
I:4b88c6bbf964a520000d32e3	I:4fab974be4b05cb200996955
I:4b88c6bbf964a520000d32e3	I:4ff147c5e4b05cede0ddeddc
I:4b88c6bbf964a520000d32e3	U:1155
I:4b88c6bbf964a520000d32e3	U:1168
I:4b88c6bbf964a520000d32e3	U:1194
I:4b88c6bbf964a520000d32e3	U:152
I:4b88c6bbf964a520000d32e3	U:180
I:4b88c6bbf964a520000d32e3	U:2077
I:4b88c6bbf964a520000d32e3	U:2097
I:4b88c6bbf964a520000d32e3	U:2263
I:4b88c6bbf964a520000d32e3	U:369
I:4b88c6bbf964a520000d32e3	U:388
I:4b88c6bbf964a520000d32e3	U:596
I:4b88c6bbf964a520000d32e3	U:602
I:4b88c6bbf964a520000d32e3	U:635
I:4b88c6bbf964a520000d32e3	U:728
I:4b88c6bbf964a520000d32e3	U:79
I:4b88c6bbf964a520000d32e3	U:951
I:4b8a22c0f964a5207b6132e3	U:1530
I:4b8a22c0f964a5207b6132e3	U:2159
I:4b8e297bf964a520ff1933e3	U:1144
I:4b90ffe3f964a520729e33e3	U:1317
I:4b90ffe3f964a520729e33e3	U:2044
I:4b90ffe3f964a520729e33e3	U:2168
I:4b90ffe3f964a520729e33e3	U:233
I:4b90ffe3f964a520729e33e3	U:257
I:4b90ffe3f964a520729e33e3	U:508
I:4b90ffe3f964a520729e33e3	U:524
I:4b90ffe3f964a520729e33e3	U:621
I:4b90ffe3f964a520729e33e3	U:814
I:4b90ffe3f964a520729e33e3	U:992
I:4b91b2e9f964a520c9d033e3	I:4bb596022ea1952114a4aa2f
I:4b91b2e9f964a520c9d033e3	I:4c56628e30d82d7f9490d762
I:4b91b2e9f964a520c9d033e3	I:4d32a9c2b60937042bc8f9df
I:4b91b2e9f964a520c9d033e3	I:4d3a7f9317312c0fc7e629f2
I:4b91b2e9f964a520c9d033e3	I:4dd3951cd22dc96be80944d4
I:4b91b2e9f964a520c9d033e3	I:4e13d537b61c18a826fcd777
I:4b91b2e9f964a520c9d033e3	I:4e910f436d8615aa713956d3
I:4b91b2e9f964a520c9d033e3	I:4eb3c2e3469073bbc565879d
I:4b91b2e9f964a520c9d033e3	I:4f533277e4b036244b07dbd3
I:4b91b2e9f964a520c9d033e3	U:1023
I:4b91b2e9f964a520c9d033e3	U:1441
I:4b91b2e9f964a520c9d033e3	U:15
I:4b91b2e9f964a520c9d033e3	U:1632
I:4b91b2e9f964a520c9d033e3	U:2105
I:4b91b2e9f964a520c9d033e3	U:2243
I:4b91b2e9f964a520c9d033e3	U:428
I:4b91b2e9f964a520c9d033e3	U:510
I:4b91b2e9f964a520c9d033e3	U:701
I:4b91b2e9f964a520c9d033e3	U:733
I:4b91b2e9f964a520c9d033e3	U:935
I:4b95c4c8f964a5209bb234e3	I:4ba61ca4f964a5207c3439e3
I:4b95c4c8f964a5209bb234e3	U:1168
I:4b95c4c8f964a5209bb234e3	U:1529
I:4b95c4c8f964a5209bb234e3	U:1538
I:4ba5cae4f964a520962239e3	U:1020
I:4ba5cae4f964a520962239e3	U:1153
I:4ba5cae4f964a520962239e3	U:1327
I:4ba5cae4f964a520962239e3	U:1339
I:4ba5cae4f964a520962239e3	U:1419
I:4ba5cae4f964a520962239e3	U:1505
I:4ba5cae4f964a520962239e3	U:2238
I:4ba5cae4f964a520962239e3	U:2254
I:4ba5cae4f964a520962239e3	U:26
I:4ba5cae4f964a520962239e3	U:997
I:4ba61ca4f964a5207c3439e3	U:1168
I:4ba61ca4f964a5207c3439e3	U:1456
I:4ba61ca4f964a5207c3439e3	U:1486
I:4ba61ca4f964a5207c3439e3	U:1538
I:4ba61ca4f964a5207c3439e3	U:2132
I:4ba61ca4f964a5207c3439e3	U:2150
I:4ba61ca4f964a5207c3439e3	U:822
I:4bb31756715eef3b15ee85bb	U:1162
I:4bb596022ea1952114a4aa2f	I:4c56628e30d82d7f9490d762
I:4bb596022ea1952114a4aa2f	I:4d3a7f9317312c0fc7e629f2
I:4bb596022ea1952114a4aa2f	I:4dd3951cd22dc96be80944d4
I:4bb596022ea1952114a4aa2f	I:4e13d537b61c18a826fcd777
I:4bb596022ea1952114a4aa2f	I:4e910f436d8615aa713956d3
I:4bb596022ea1952114a4aa2f	I:4eb3c2e3469073bbc565879d
I:4bb596022ea1952114a4aa2f	I:4f533277e4b036244b07dbd3
I:4bb596022ea1952114a4aa2f	U:518
I:4bb596022ea1952114a4aa2f	U:615
I:4bb596022ea1952114a4aa2f	U:712
I:4bb596022ea1952114a4aa2f	U:820
I:4bb6ddd61344b71328309e04	I:4c52e2429426c9286b97ee75
I:4bb6ddd61344b71328309e04	I:4ca927a744a8224b65201f40
I:4bb6ddd61344b71328309e04	I:4d44f7491ed56dcb0c3bb654
I:4bb6ddd61344b71328309e04	U:1756
I:4bb6ddd61344b71328309e04	U:822
I:4bc010634cdfc9b6eb789221	I:4bd0416e9854d13a5252f74d
I:4bc010634cdfc9b6eb789221	I:4e33b15962e1733d7aa4f6b8
I:4bc010634cdfc9b6eb789221	I:4ec74b6d775bf65c034080b5
I:4bc010634cdfc9b6eb789221	I:4ec8d5df7ee537da802879a4
I:4bc010634cdfc9b6eb789221	I:4f1548d7e4b03856f421df5e
I:4bc010634cdfc9b6eb789221	I:4f8e3f6ce4b0dcea356eba23
I:4bc010634cdfc9b6eb789221	I:4fab91a3e4b05cb20097aa45
I:4bc010634cdfc9b6eb789221	I:4fe3dcaae4b0d43f1f79a1af
I:4bc010634cdfc9b6eb789221	U:1045
I:4bc010634cdfc9b6eb789221	U:1411
I:4bc010634cdfc9b6eb789221	U:1820
I:4bc04e402a89ef3bd45cf088	I:4cc7a93e5b7aa14334aa307d
I:4bc04e402a89ef3bd45cf088	I:4d148b7c6d1037040f3122bd
I:4bc04e402a89ef3bd45cf088	I:4e4cedde18a822288dd822ed
I:4bc04e402a89ef3bd45cf088	I:4e4cfe4718388d49816f02a9
I:4bc04e402a89ef3bd45cf088	I:4f081a44e4b06fab19031bcb
I:4bc04e402a89ef3bd45cf088	I:4f5c13fee4b086681bb56c4f
I:4bc04e402a89ef3bd45cf088	I:4f7f9ceae4b023c637e055ec
I:4bc04e402a89ef3bd45cf088	U:101
I:4bc04e402a89ef3bd45cf088	U:1013
I:4bc04e402a89ef3bd45cf088	U:1335
I:4bc04e402a89ef3bd45cf088	U:1570
I:4bc04e402a89ef3bd45cf088	U:164
I:4bc04e402a89ef3bd45cf088	U:1706
I:4bc04e402a89ef3bd45cf088	U:1792
I:4bc04e402a89ef3bd45cf088	U:2005
I:4bc04e402a89ef3bd45cf088	U:2032
I:4bc04e402a89ef3bd45cf088	U:2079
I:4bc04e402a89ef3bd45cf088	U:2109
I:4bc04e402a89ef3bd45cf088	U:2231
I:4bc04e402a89ef3bd45cf088	U:2242
I:4bc04e402a89ef3bd45cf088	U:331
I:4bc04e402a89ef3bd45cf088	U:559
I:4bc04e402a89ef3bd45cf088	U:79
I:4bc04e402a89ef3bd45cf088	U:849
I:4bc04e402a89ef3bd45cf088	U:970
I:4bd0416e9854d13a5252f74d	I:4e33b15962e1733d7aa4f6b8
I:4bd0416e9854d13a5252f74d	I:4ec74b6d775bf65c034080b5
I:4bd0416e9854d13a5252f74d	I:4ec8d5df7ee537da802879a4
I:4bd0416e9854d13a5252f74d	I:4f1548d7e4b03856f421df5e
I:4bd0416e9854d13a5252f74d	I:4f8e3f6ce4b0dcea356eba23
I:4bd0416e9854d13a5252f74d	I:4fab91a3e4b05cb20097aa45
I:4bd0416e9854d13a5252f74d	I:4fe3dcaae4b0d43f1f79a1af
I:4bd0416e9854d13a5252f74d	U:1004
I:4bd0416e9854d13a5252f74d	U:1045
I:4bd0416e9854d13a5252f74d	U:1305
I:4bd0416e9854d13a5252f74d	U:1507
I:4bd0416e9854d13a5252f74d	U:2041
I:4bd0416e9854d13a5252f74d	U:2096
I:4bd0416e9854d13a5252f74d	U:408
I:4bd0416e9854d13a5252f74d	U:436
I:4bd0416e9854d13a5252f74d	U:449
I:4bd0416e9854d13a5252f74d	U:526
I:4bd0416e9854d13a5252f74d	U:612
I:4bd0416e9854d13a5252f74d	U:849
I:4bd0416e9854d13a5252f74d	U:909
I:4bd0416e9854d13a5252f74d	U:944
I:4bd3d1909854d13a65bffe4d	U:380
I:4bd91f570115c9b63b8b7680	U:1162
I:4bd91f570115c9b63b8b7680	U:29
I:4bd91f570115c9b63b8b7680	U:847
I:4bd962602e6f0f4780610a08	I:4c62336158810f4723d2061e
I:4bd962602e6f0f4780610a08	I:4d32911b5017a093aae54a9b
I:4bd962602e6f0f4780610a08	I:4d526ef4e02754816d6eb4b6
I:4bd962602e6f0f4780610a08	I:4df4798c14954f21cf31ea8c
I:4bd962602e6f0f4780610a08	I:4e12ff58483bee47ff3f2676
I:4bd962602e6f0f4780610a08	I:4e648c7a8877954de9170315
I:4bd962602e6f0f4780610a08	I:4eaa005f29c2152deb268308
I:4bd962602e6f0f4780610a08	I:4ef564018231c11154cb0744
I:4bd962602e6f0f4780610a08	I:4f66d6ece4b0eae10c7bafee
I:4bd962602e6f0f4780610a08	I:4f6bd465e4b0600330d4066c
I:4bd962602e6f0f4780610a08	I:4fab974be4b05cb200996955
I:4bd962602e6f0f4780610a08	I:4ff147c5e4b05cede0ddeddc
I:4bd962602e6f0f4780610a08	U:1221
I:4bd962602e6f0f4780610a08	U:1293
I:4bd962602e6f0f4780610a08	U:1797
I:4bd962602e6f0f4780610a08	U:1822
I:4bd962602e6f0f4780610a08	U:2078
I:4bd962602e6f0f4780610a08	U:2117
I:4bd962602e6f0f4780610a08	U:2178
I:4bd962602e6f0f4780610a08	U:302
I:4bd962602e6f0f4780610a08	U:415
I:4bd962602e6f0f4780610a08	U:651
I:4bd962602e6f0f4780610a08	U:849
I:4bd962602e6f0f4780610a08	U:953
I:4bd962602e6f0f4780610a08	U:98
I:4be7e5c588ed2d7faf2dcb1d	I:4c25bf82f1272d7f026185c5
I:4be7e5c588ed2d7faf2dcb1d	I:4e4cfe4718388d49816f02a9
I:4be7e5c588ed2d7faf2dcb1d	U:345
I:4be7e5c588ed2d7faf2dcb1d	U:708
I:4be81b324485d13ad40294ee	U:1371
I:4be81b324485d13ad40294ee	U:1415
I:4be81b324485d13ad40294ee	U:1496
I:4be81b324485d13ad40294ee	U:1638
I:4be81b324485d13ad40294ee	U:1792
I:4be81b324485d13ad40294ee	U:804
I:4be81b324485d13ad40294ee	U:951
I:4c09d81c6071a593e6bade32	I:4c39bf961e06d13adc0b7a3e
I:4c09d81c6071a593e6bade32	I:4e6ae546b0fb8b8a846af7b1
I:4c09d81c6071a593e6bade32	U:1249
I:4c09d81c6071a593e6bade32	U:1566
I:4c09d81c6071a593e6bade32	U:1626
I:4c09d81c6071a593e6bade32	U:2031
I:4c09d81c6071a593e6bade32	U:287
I:4c09d81c6071a593e6bade32	U:780
I:4c14b3e5a5eb76b0a924c2b7	U:1273
I:4c14b3e5a5eb76b0a924c2b7	U:700
I:4c1b527463750f475aa2b467	I:4d32a9c2b60937042bc8f9df
I:4c1b527463750f475aa2b467	I:4d577b04e319a1cdeb420534
I:4c1b527463750f475aa2b467	I:4ecf58f061af476c0748a1c2
I:4c1b527463750f475aa2b467	U:1220
I:4c1b527463750f475aa2b467	U:1301
I:4c1b527463750f475aa2b467	U:1458
I:4c1b527463750f475aa2b467	U:1858
I:4c1b527463750f475aa2b467	U:2132
I:4c1b527463750f475aa2b467	U:2232
I:4c1b527463750f475aa2b467	U:2237
I:4c1b527463750f475aa2b467	U:351
I:4c1b527463750f475aa2b467	U:415
I:4c1b527463750f475aa2b467	U:795
I:4c1b527463750f475aa2b467	U:974
I:4c25bf82f1272d7f026185c5	U:1835
I:4c25bf82f1272d7f026185c5	U:762
I:4c39bf961e06d13adc0b7a3e	I:4e6ae546b0fb8b8a846af7b1
I:4c39bf961e06d13adc0b7a3e	U:181
I:4c3d8a4f15cb1b8d040b7cdc	I:4d5769a2de8f6dcbcd91fe90
I:4c3d8a4f15cb1b8d040b7cdc	U:1273
I:4c456aeff0bdd13aa2e5cacc	U:128
I:4c456aeff0bdd13aa2e5cacc	U:2044
I:4c456aeff0bdd13aa2e5cacc	U:835
I:4c4bff47bad7a5939ee1a0ac	U:1780
I:4c4bff47bad7a5939ee1a0ac	U:1941
I:4c4bff47bad7a5939ee1a0ac	U:767
I:4c52e2429426c9286b97ee75	I:4ca927a744a8224b65201f40
I:4c52e2429426c9286b97ee75	U:822
I:4c56628e30d82d7f9490d762	I:4d3a7f9317312c0fc7e629f2
I:4c56628e30d82d7f9490d762	I:4dd3951cd22dc96be80944d4
I:4c56628e30d82d7f9490d762	I:4e13d537b61c18a826fcd777
I:4c56628e30d82d7f9490d762	I:4e910f436d8615aa713956d3
I:4c56628e30d82d7f9490d762	I:4eb3c2e3469073bbc565879d
I:4c56628e30d82d7f9490d762	I:4f533277e4b036244b07dbd3
I:4c56628e30d82d7f9490d762	U:148
I:4c56628e30d82d7f9490d762	U:1778
I:4c56628e30d82d7f9490d762	U:359
I:4c62336158810f4723d2061e	I:4d32911b5017a093aae54a9b
I:4c62336158810f4723d2061e	I:4d526ef4e02754816d6eb4b6
I:4c62336158810f4723d2061e	I:4df4798c14954f21cf31ea8c
I:4c62336158810f4723d2061e	I:4e12ff58483bee47ff3f2676
I:4c62336158810f4723d2061e	I:4e648c7a8877954de9170315
I:4c62336158810f4723d2061e	I:4eaa005f29c2152deb268308
I:4c62336158810f4723d2061e	I:4ef564018231c11154cb0744
I:4c62336158810f4723d2061e	I:4f66d6ece4b0eae10c7bafee
I:4c62336158810f4723d2061e	I:4f6bd465e4b0600330d4066c
I:4c62336158810f4723d2061e	I:4fab974be4b05cb200996955
I:4c62336158810f4723d2061e	I:4ff147c5e4b05cede0ddeddc
I:4c62336158810f4723d2061e	U:1498
I:4c62336158810f4723d2061e	U:1858
I:4c62336158810f4723d2061e	U:2263
I:4c78a007df08a1cddf47d85d	U:1711
I:4c78a007df08a1cddf47d85d	U:601
I:4c9c3876d3c2b60c2f14b6bc	I:4cf073097e0da1cd73b78b97
I:4c9c3876d3c2b60c2f14b6bc	U:1562
I:4c9c3876d3c2b60c2f14b6bc	U:2062
I:4c9c3876d3c2b60c2f14b6bc	U:519
I:4ca927a744a8224b65201f40	U:1960
I:4cc7a93e5b7aa14334aa307d	I:4d148b7c6d1037040f3122bd
I:4cc7a93e5b7aa14334aa307d	I:4e4cedde18a822288dd822ed
I:4cc7a93e5b7aa14334aa307d	I:4e4cfe4718388d49816f02a9
I:4cc7a93e5b7aa14334aa307d	I:4f081a44e4b06fab19031bcb
I:4cc7a93e5b7aa14334aa307d	I:4f5c13fee4b086681bb56c4f
I:4cc7a93e5b7aa14334aa307d	I:4f7f9ceae4b023c637e055ec
I:4cc7a93e5b7aa14334aa307d	U:1529
I:4cc7a93e5b7aa14334aa307d	U:1640
I:4cce8b9e2dc437044415d508	I:4d8575a9509137043cbd975b
I:4cce8b9e2dc437044415d508	U:1304
I:4cf073097e0da1cd73b78b97	U:1799
I:4cf587a4eb096ea83378c048	U:1638
I:4cf587a4eb096ea83378c048	U:210
I:4cfa10c5feec6dcb1a7c3d36	U:1897
I:4d03226d26adb1f71bbcca70	U:1251
I:4d03226d26adb1f71bbcca70	U:1921
I:4d03226d26adb1f71bbcca70	U:22
I:4d148b7c6d1037040f3122bd	I:4e4cedde18a822288dd822ed
I:4d148b7c6d1037040f3122bd	I:4e4cfe4718388d49816f02a9
I:4d148b7c6d1037040f3122bd	I:4f081a44e4b06fab19031bcb
I:4d148b7c6d1037040f3122bd	I:4f5c13fee4b086681bb56c4f
I:4d148b7c6d1037040f3122bd	I:4f7f9ceae4b023c637e055ec
I:4d148b7c6d1037040f3122bd	U:141
I:4d148b7c6d1037040f3122bd	U:1955
I:4d148b7c6d1037040f3122bd	U:442
I:4d32911b5017a093aae54a9b	I:4d526ef4e02754816d6eb4b6
I:4d32911b5017a093aae54a9b	I:4df4798c14954f21cf31ea8c
I:4d32911b5017a093aae54a9b	I:4e12ff58483bee47ff3f2676
I:4d32911b5017a093aae54a9b	I:4e648c7a8877954de9170315
I:4d32911b5017a093aae54a9b	I:4eaa005f29c2152deb268308
I:4d32911b5017a093aae54a9b	I:4ef564018231c11154cb0744
I:4d32911b5017a093aae54a9b	I:4f66d6ece4b0eae10c7bafee
I:4d32911b5017a093aae54a9b	I:4f6bd465e4b0600330d4066c
I:4d32911b5017a093aae54a9b	I:4fab974be4b05cb200996955
I:4d32911b5017a093aae54a9b	I:4ff147c5e4b05cede0ddeddc
I:4d32911b5017a093aae54a9b	U:2244
I:4d32a9c2b60937042bc8f9df	I:4d577b04e319a1cdeb420534
I:4d32a9c2b60937042bc8f9df	I:4ecf58f061af476c0748a1c2
I:4d32a9c2b60937042bc8f9df	U:351
I:4d3a7f9317312c0fc7e629f2	I:4dd3951cd22dc96be80944d4
I:4d3a7f9317312c0fc7e629f2	I:4e13d537b61c18a826fcd777
I:4d3a7f9317312c0fc7e629f2	I:4e910f436d8615aa713956d3
I:4d3a7f9317312c0fc7e629f2	I:4eb3c2e3469073bbc565879d
I:4d3a7f9317312c0fc7e629f2	I:4f533277e4b036244b07dbd3
I:4d3a7f9317312c0fc7e629f2	U:958
I:4d44f7491ed56dcb0c3bb654	U:1581
I:4d44f7491ed56dcb0c3bb654	U:1617
I:4d44f7491ed56dcb0c3bb654	U:233
I:4d44f7491ed56dcb0c3bb654	U:631
I:4d526ef4e02754816d6eb4b6	I:4df4798c14954f21cf31ea8c
I:4d526ef4e02754816d6eb4b6	I:4e12ff58483bee47ff3f2676
I:4d526ef4e02754816d6eb4b6	I:4e648c7a8877954de9170315
I:4d526ef4e02754816d6eb4b6	I:4eaa005f29c2152deb268308
I:4d526ef4e02754816d6eb4b6	I:4ef564018231c11154cb0744
I:4d526ef4e02754816d6eb4b6	I:4f66d6ece4b0eae10c7bafee
I:4d526ef4e02754816d6eb4b6	I:4f6bd465e4b0600330d4066c
I:4d526ef4e02754816d6eb4b6	I:4fab974be4b05cb200996955
I:4d526ef4e02754816d6eb4b6	I:4ff147c5e4b05cede0ddeddc
I:4d526ef4e02754816d6eb4b6	U:1021
I:4d526ef4e02754816d6eb4b6	U:1066
I:4d526ef4e02754816d6eb4b6	U:1087
I:4d526ef4e02754816d6eb4b6	U:1296
I:4d526ef4e02754816d6eb4b6	U:1443
I:4d526ef4e02754816d6eb4b6	U:1548
I:4d526ef4e02754816d6eb4b6	U:1594
I:4d526ef4e02754816d6eb4b6	U:1655
I:4d526ef4e02754816d6eb4b6	U:1707
I:4d526ef4e02754816d6eb4b6	U:1792
I:4d526ef4e02754816d6eb4b6	U:193
I:4d526ef4e02754816d6eb4b6	U:20
I:4d526ef4e02754816d6eb4b6	U:2025
I:4d526ef4e02754816d6eb4b6	U:2116
I:4d526ef4e02754816d6eb4b6	U:30
I:4d526ef4e02754816d6eb4b6	U:369
I:4d526ef4e02754816d6eb4b6	U:557
I:4d526ef4e02754816d6eb4b6	U:651
I:4d526ef4e02754816d6eb4b6	U:732
I:4d526ef4e02754816d6eb4b6	U:758
I:4d526ef4e02754816d6eb4b6	U:852
I:4d526ef4e02754816d6eb4b6	U:927
I:4d526ef4e02754816d6eb4b6	U:95
I:4d5769a2de8f6dcbcd91fe90	U:1858
I:4d577b04e319a1cdeb420534	I:4ecf58f061af476c0748a1c2
I:4d577b04e319a1cdeb420534	U:1147
I:4d577b04e319a1cdeb420534	U:1296
I:4d577b04e319a1cdeb420534	U:1792
I:4d577b04e319a1cdeb420534	U:50
I:4d577b04e319a1cdeb420534	U:951
I:4d8575a9509137043cbd975b	I:4df30577b61cbd3ec019ddb8
I:4d8575a9509137043cbd975b	U:1350
I:4d87295c40a7a35d82fc41be	U:1086
I:4d87295c40a7a35d82fc41be	U:1240
I:4d87295c40a7a35d82fc41be	U:556
I:4d87295c40a7a35d82fc41be	U:631
I:4db0871dfc60cfe27fb3eaad	I:4e65a3b9b0fb188e8f0f061f
I:4db0871dfc60cfe27fb3eaad	U:22
I:4dc5dfb4d164eb9c9ffb73ec	U:618
I:4dc5dfb4d164eb9c9ffb73ec	U:652
I:4dd3951cd22dc96be80944d4	I:4e13d537b61c18a826fcd777
I:4dd3951cd22dc96be80944d4	I:4e910f436d8615aa713956d3
I:4dd3951cd22dc96be80944d4	I:4eb3c2e3469073bbc565879d
I:4dd3951cd22dc96be80944d4	I:4f533277e4b036244b07dbd3
I:4dd3951cd22dc96be80944d4	U:1029
I:4dd3951cd22dc96be80944d4	U:1058
I:4dd3951cd22dc96be80944d4	U:1152
I:4dd3951cd22dc96be80944d4	U:1290
I:4dd3951cd22dc96be80944d4	U:1497
I:4dd3951cd22dc96be80944d4	U:1563
I:4dd3951cd22dc96be80944d4	U:1571
I:4dd3951cd22dc96be80944d4	U:1779
I:4dd3951cd22dc96be80944d4	U:1786
I:4dd3951cd22dc96be80944d4	U:1792
I:4dd3951cd22dc96be80944d4	U:1943
I:4dd3951cd22dc96be80944d4	U:1961
I:4dd3951cd22dc96be80944d4	U:20
I:4dd3951cd22dc96be80944d4	U:2073
I:4dd3951cd22dc96be80944d4	U:2081
I:4dd3951cd22dc96be80944d4	U:2159
I:4dd3951cd22dc96be80944d4	U:2206
I:4dd3951cd22dc96be80944d4	U:310
I:4dd3951cd22dc96be80944d4	U:553
I:4dd3951cd22dc96be80944d4	U:63
I:4dd3951cd22dc96be80944d4	U:733
I:4dd3951cd22dc96be80944d4	U:760
I:4dd3951cd22dc96be80944d4	U:777
I:4dd3951cd22dc96be80944d4	U:972
I:4df30577b61cbd3ec019ddb8	U:1518
I:4df4798c14954f21cf31ea8c	I:4e12ff58483bee47ff3f2676
I:4df4798c14954f21cf31ea8c	I:4e648c7a8877954de9170315
I:4df4798c14954f21cf31ea8c	I:4eaa005f29c2152deb268308
I:4df4798c14954f21cf31ea8c	I:4ef564018231c11154cb0744
I:4df4798c14954f21cf31ea8c	I:4f66d6ece4b0eae10c7bafee
I:4df4798c14954f21cf31ea8c	I:4f6bd465e4b0600330d4066c
I:4df4798c14954f21cf31ea8c	I:4fab974be4b05cb200996955
I:4df4798c14954f21cf31ea8c	I:4ff147c5e4b05cede0ddeddc
I:4df4798c14954f21cf31ea8c	U:42
I:4dfdc23f8877e9c474975aa6	I:4ecf58f061af476c0748a1c2
I:4dfdc23f8877e9c474975aa6	U:2237
I:4dfdc23f8877e9c474975aa6	U:564
I:4e12ff58483bee47ff3f2676	I:4e648c7a8877954de9170315
I:4e12ff58483bee47ff3f2676	I:4eaa005f29c2152deb268308
I:4e12ff58483bee47ff3f2676	I:4ef564018231c11154cb0744
I:4e12ff58483bee47ff3f2676	I:4f66d6ece4b0eae10c7bafee
I:4e12ff58483bee47ff3f2676	I:4f6bd465e4b0600330d4066c
I:4e12ff58483bee47ff3f2676	I:4fab974be4b05cb200996955
I:4e12ff58483bee47ff3f2676	I:4ff147c5e4b05cede0ddeddc
I:4e12ff58483bee47ff3f2676	U:1613
I:4e13d537b61c18a826fcd777	I:4e910f436d8615aa713956d3
I:4e13d537b61c18a826fcd777	I:4eb3c2e3469073bbc565879d
I:4e13d537b61c18a826fcd777	I:4f533277e4b036244b07dbd3
I:4e13d537b61c18a826fcd777	U:1587
I:4e13d537b61c18a826fcd777	U:1766
I:4e13d537b61c18a826fcd777	U:2111
I:4e13d537b61c18a826fcd777	U:518
I:4e13d537b61c18a826fcd777	U:748
I:4e33b15962e1733d7aa4f6b8	I:4ec74b6d775bf65c034080b5
I:4e33b15962e1733d7aa4f6b8	I:4ec8d5df7ee537da802879a4
I:4e33b15962e1733d7aa4f6b8	I:4f1548d7e4b03856f421df5e
I:4e33b15962e1733d7aa4f6b8	I:4f8e3f6ce4b0dcea356eba23
I:4e33b15962e1733d7aa4f6b8	I:4fab91a3e4b05cb20097aa45
I:4e33b15962e1733d7aa4f6b8	I:4fe3dcaae4b0d43f1f79a1af
I:4e33b15962e1733d7aa4f6b8	U:229
I:4e4cedde18a822288dd822ed	I:4e4cfe4718388d49816f02a9
I:4e4cedde18a822288dd822ed	I:4f081a44e4b06fab19031bcb
I:4e4cedde18a822288dd822ed	I:4f5c13fee4b086681bb56c4f
I:4e4cedde18a822288dd822ed	I:4f7f9ceae4b023c637e055ec
I:4e4cedde18a822288dd822ed	U:1447
I:4e4cfe4718388d49816f02a9	I:4f081a44e4b06fab19031bcb
I:4e4cfe4718388d49816f02a9	I:4f5c13fee4b086681bb56c4f
I:4e4cfe4718388d49816f02a9	I:4f7f9ceae4b023c637e055ec
I:4e4cfe4718388d49816f02a9	U:115
I:4e4cfe4718388d49816f02a9	U:150
I:4e4cfe4718388d49816f02a9	U:2093
I:4e4cfe4718388d49816f02a9	U:2124
I:4e4cfe4718388d49816f02a9	U:494
I:4e4cfe4718388d49816f02a9	U:50
I:4e4cfe4718388d49816f02a9	U:718
I:4e648c7a8877954de9170315	I:4eaa005f29c2152deb268308
I:4e648c7a8877954de9170315	I:4ef564018231c11154cb0744
I:4e648c7a8877954de9170315	I:4f66d6ece4b0eae10c7bafee
I:4e648c7a8877954de9170315	I:4f6bd465e4b0600330d4066c
I:4e648c7a8877954de9170315	I:4fab974be4b05cb200996955
I:4e648c7a8877954de9170315	I:4ff147c5e4b05cede0ddeddc
I:4e648c7a8877954de9170315	U:497
I:4e65a3b9b0fb188e8f0f061f	U:1457
I:4e65a3b9b0fb188e8f0f061f	U:22
I:4e6ae546b0fb8b8a846af7b1	U:1566
I:4e910f436d8615aa713956d3	I:4eb3c2e3469073bbc565879d
I:4e910f436d8615aa713956d3	I:4f533277e4b036244b07dbd3
I:4e910f436d8615aa713956d3	U:1005
I:4e910f436d8615aa713956d3	U:1144
I:4e910f436d8615aa713956d3	U:1456
I:4e910f436d8615aa713956d3	U:1563
I:4e910f436d8615aa713956d3	U:1592
I:4e910f436d8615aa713956d3	U:1682
I:4e910f436d8615aa713956d3	U:1693
I:4e910f436d8615aa713956d3	U:1747
I:4e910f436d8615aa713956d3	U:1772
I:4e910f436d8615aa713956d3	U:1779
I:4e910f436d8615aa713956d3	U:2066
I:4e910f436d8615aa713956d3	U:2127
I:4e910f436d8615aa713956d3	U:2187
I:4e910f436d8615aa713956d3	U:236
I:4e910f436d8615aa713956d3	U:30
I:4e910f436d8615aa713956d3	U:553
I:4e910f436d8615aa713956d3	U:590
I:4e910f436d8615aa713956d3	U:605
I:4e910f436d8615aa713956d3	U:62
I:4e910f436d8615aa713956d3	U:801
I:4e910f436d8615aa713956d3	U:953
I:4e910f436d8615aa713956d3	U:963
I:4eaa005f29c2152deb268308	I:4ef564018231c11154cb0744
I:4eaa005f29c2152deb268308	I:4f66d6ece4b0eae10c7bafee
I:4eaa005f29c2152deb268308	I:4f6bd465e4b0600330d4066c
I:4eaa005f29c2152deb268308	I:4fab974be4b05cb200996955
I:4eaa005f29c2152deb268308	I:4ff147c5e4b05cede0ddeddc
I:4eaa005f29c2152deb268308	U:1463
I:4eb3c2e3469073bbc565879d	I:4f533277e4b036244b07dbd3
I:4eb3c2e3469073bbc565879d	U:39
I:4ec74b6d775bf65c034080b5	I:4ec8d5df7ee537da802879a4
I:4ec74b6d775bf65c034080b5	I:4f1548d7e4b03856f421df5e
I:4ec74b6d775bf65c034080b5	I:4f8e3f6ce4b0dcea356eba23
I:4ec74b6d775bf65c034080b5	I:4fab91a3e4b05cb20097aa45
I:4ec74b6d775bf65c034080b5	I:4fe3dcaae4b0d43f1f79a1af
I:4ec74b6d775bf65c034080b5	U:1773
I:4ec8d5df7ee537da802879a4	I:4f1548d7e4b03856f421df5e
I:4ec8d5df7ee537da802879a4	I:4f8e3f6ce4b0dcea356eba23
I:4ec8d5df7ee537da802879a4	I:4fab91a3e4b05cb20097aa45
I:4ec8d5df7ee537da802879a4	I:4fe3dcaae4b0d43f1f79a1af
I:4ec8d5df7ee537da802879a4	U:1514
I:4ecf58f061af476c0748a1c2	U:1203
I:4ecf58f061af476c0748a1c2	U:1858
I:4ecf58f061af476c0748a1c2	U:2160
I:4ef564018231c11154cb0744	I:4f66d6ece4b0eae10c7bafee
I:4ef564018231c11154cb0744	I:4f6bd465e4b0600330d4066c
I:4ef564018231c11154cb0744	I:4fab974be4b05cb200996955
I:4ef564018231c11154cb0744	I:4ff147c5e4b05cede0ddeddc
I:4ef564018231c11154cb0744	U:784
I:4f081a44e4b06fab19031bcb	I:4f5c13fee4b086681bb56c4f
I:4f081a44e4b06fab19031bcb	I:4f7f9ceae4b023c637e055ec
I:4f081a44e4b06fab19031bcb	U:90
I:4f1548d7e4b03856f421df5e	I:4f8e3f6ce4b0dcea356eba23
I:4f1548d7e4b03856f421df5e	I:4fab91a3e4b05cb20097aa45
I:4f1548d7e4b03856f421df5e	I:4fe3dcaae4b0d43f1f79a1af
I:4f1548d7e4b03856f421df5e	U:1000
I:4f533277e4b036244b07dbd3	U:1779
I:4f5c13fee4b086681bb56c4f	I:4f7f9ceae4b023c637e055ec
I:4f5c13fee4b086681bb56c4f	U:1958
I:4f66d6ece4b0eae10c7bafee	I:4f6bd465e4b0600330d4066c
I:4f66d6ece4b0eae10c7bafee	I:4fab974be4b05cb200996955
I:4f66d6ece4b0eae10c7bafee	I:4ff147c5e4b05cede0ddeddc
I:4f66d6ece4b0eae10c7bafee	U:1540
I:4f66d6ece4b0eae10c7bafee	U:1772
I:4f66d6ece4b0eae10c7bafee	U:1819
I:4f6bd465e4b0600330d4066c	I:4fab974be4b05cb200996955
I:4f6bd465e4b0600330d4066c	I:4ff147c5e4b05cede0ddeddc
I:4f6bd465e4b0600330d4066c	U:997
I:4f7f9ceae4b023c637e055ec	U:115
I:4f7f9ceae4b023c637e055ec	U:1357
I:4f7f9ceae4b023c637e055ec	U:1792
I:4f7f9ceae4b023c637e055ec	U:1908
I:4f7f9ceae4b023c637e055ec	U:1931
I:4f7f9ceae4b023c637e055ec	U:2216
I:4f7f9ceae4b023c637e055ec	U:285
I:4f7f9ceae4b023c637e055ec	U:557
I:4f7f9ceae4b023c637e055ec	U:889
I:4f8e3f6ce4b0dcea356eba23	I:4fab91a3e4b05cb20097aa45
I:4f8e3f6ce4b0dcea356eba23	I:4fe3dcaae4b0d43f1f79a1af
I:4f8e3f6ce4b0dcea356eba23	U:229
I:4f910f24e4b0ead19780cf24	U:1443
I:4f98eeb0e4b01ba9d4a85666	U:2044
I:4f98eeb0e4b01ba9d4a85666	U:548
I:4fab91a3e4b05cb20097aa45	I:4fe3dcaae4b0d43f1f79a1af
I:4fab91a3e4b05cb20097aa45	U:888
I:4fab974be4b05cb200996955	I:4ff147c5e4b05cede0ddeddc
I:4fab974be4b05cb200996955	U:921
I:4fe3dcaae4b0d43f1f79a1af	U:368
I:4ff147c5e4b05cede0ddeddc	U:2116
I:4ff147c5e4b05cede0ddeddc	U:303
I:4ff147c5e4b05cede0ddeddc	U:943
