src_item_id,dst_item_id,relation_type,support_c3,support_c4,support_c5,support_c6,tau_c3,tau_c4,tau_c5,tau_c6
4b0587b8f964a52012a122e3,4b35a0aaf964a5204a2e25e3,within_2km,19,290,4464,64256,16,240,3360,43680
4b0587b8f964a52012a122e3,4b582d82f964a520084d28e3,within_2km,17,282,4334,62610,16,240,3360,43680
4b0587b8f964a52012a122e3,4b5bad9cf964a520820f29e3,within_2km,16,289,4462,64178,16,240,3360,43680
4b0587b8f964a52012a122e3,4b5bb41df964a520111129e3,within_2km,19,302,4646,66681,16,240,3360,43680
4b0587b8f964a52012a122e3,4b5beeb7f964a520d61d29e3,within_2km,17,287,4443,64003,16,240,3360,43680
4b0587b8f964a52012a122e3,4b6154f1f964a52056102ae3,within_2km,17,274,4204,60907,16,240,3360,43680
4b0587b8f964a52012a122e3,4b6a851bf964a52093d72be3,within_2km,18,292,4504,64818,16,240,3360,43680
4b0587b8f964a52012a122e3,4b7520b8f964a520b6fe2de3,within_2km,19,278,4255,61552,16,240,3360,43680
4b0587b8f964a52012a122e3,4b91b2e9f964a520c9d033e3,within_2km,17,267,4101,59503,16,240,3360,43680
4b0587b8f964a52012a122e3,4bb596022ea1952114a4aa2f,within_2km,16,259,3974,57763,16,240,3360,43680
4b0587b8f964a52012a122e3,4c56628e30d82d7f9490d762,within_2km,16,258,3960,57570,16,240,3360,43680
4b0587b8f964a52012a122e3,4d3a7f9317312c0fc7e629f2,within_2km,16,258,3960,57570,16,240,3360,43680
4b0587b8f964a52012a122e3,4dd3951cd22dc96be80944d4,within_2km,19,295,4523,64828,16,240,3360,43680
4b0587b8f964a52012a122e3,4e13d537b61c18a826fcd777,within_2km,16,259,3973,57802,16,240,3360,43680
4b0587b8f964a52012a122e3,4e910f436d8615aa713956d3,within_2km,16,289,4444,63962,16,240,3360,43680
4b0587b8f964a52012a122e3,4eb3c2e3469073bbc565879d,within_2km,16,258,3960,57570,16,240,3360,43680
4b0587b8f964a52012a122e3,4f533277e4b036244b07dbd3,within_2km,16,261,4003,58165,16,240,3360,43680
4b1df53df964a520811624e3,4b5a905df964a52084cb28e3,within_2km,14,192,2410,28133,14,182,2184,24024
4b1df53df964a520811624e3,4b5aa58bf964a52048cf28e3,within_2km,14,202,2520,29444,14,182,2184,24024
4b1df53df964a520811624e3,4b5ad3dbf964a52065d628e3,within_2km,14,185,2333,27226,14,182,2184,24024
4b1df53df964a520811624e3,4b5c0fe0f964a520d62229e3,within_2km,14,218,2696,31225,14,182,2184,24024
4b1df53df964a520811624e3,4b6929aaf964a520ad9a2be3,within_2km,14,196,2454,28758,14,182,2184,24024
4b1df53df964a520811624e3,4b7a0c3cf964a520a2202fe3,within_2km,14,186,2344,27296,14,182,2184,24024
4b1df53df964a520811624e3,4bc010634cdfc9b6eb789221,within_2km,14,186,2344,27307,14,182,2184,24024
4b1df53df964a520811624e3,4bd0416e9854d13a5252f74d,within_2km,14,197,2465,28743,14,182,2184,24024
4b1df53df964a520811624e3,4e33b15962e1733d7aa4f6b8,within_2km,14,185,2333,27170,14,182,2184,24024
4b1df53df964a520811624e3,4ec74b6d775bf65c034080b5,within_2km,14,183,2311,26952,14,182,2184,24024
4b1df53df964a520811624e3,4ec8d5df7ee537da802879a4,within_2km,14,183,2311,26957,14,182,2184,24024
4b1df53df964a520811624e3,4f1548d7e4b03856f421df5e,within_2km,14,182,2300,26821,14,182,2184,24024
4b1df53df964a520811624e3,4f8e3f6ce4b0dcea356eba23,within_2km,14,185,2333,27170,14,182,2184,24024
4b1df53df964a520811624e3,4fab91a3e4b05cb20097aa45,within_2km,14,182,2300,26808,14,182,2184,24024
4b1df53df964a520811624e3,4fe3dcaae4b0d43f1f79a1af,within_2km,14,184,2322,27076,14,182,2184,24024
4b35706ff964a5202b2d25e3,4b526ce7f964a520a67c27e3,within_2km,16,169,1905,19268,12,132,1320,13200
4b35706ff964a5202b2d25e3,4b52730af964a520da7d27e3,within_2km,16,156,1766,18084,12,132,1320,13200
4b35706ff964a5202b2d25e3,4b6036e1f964a5204dda29e3,within_2km,14,169,1863,19050,12,132,1320,13200
4b35706ff964a5202b2d25e3,4b6170d8f964a520a7132ae3,within_2km,16,175,2027,20047,12,132,1320,13200
4b35706ff964a5202b2d25e3,4b63e2c1f964a520c0952ae3,within_2km,10,131,1513,16011,10,120,1320,13200
4b35706ff964a5202b2d25e3,4b7f593ff964a5201d2930e3,within_2km,13,168,1852,18917,12,132,1320,13200
4b35706ff964a5202b2d25e3,4bc04e402a89ef3bd45cf088,within_2km,14,169,1916,19437,12,132,1320,13200
4b35706ff964a5202b2d25e3,4cc7a93e5b7aa14334aa307d,within_2km,12,160,1768,18282,12,132,1320,13200
4b35706ff964a5202b2d25e3,4d148b7c6d1037040f3122bd,within_2km,13,167,1843,18830,12,132,1320,13200
4b35706ff964a5202b2d25e3,4e4cedde18a822288dd822ed,within_2km,13,168,1847,18949,12,132,1320,13200
4b35706ff964a5202b2d25e3,4e4cfe4718388d49816f02a9,within_2km,13,164,1810,18656,12,132,1320,13200
4b35706ff964a5202b2d25e3,4f081a44e4b06fab19031bcb,within_2km,13,166,1825,18709,12,132,1320,13200
4b35706ff964a5202b2d25e3,4f5c13fee4b086681bb56c4f,within_2km,14,165,1815,18597,12,132,1320,13200
4b35706ff964a5202b2d25e3,4f7f9ceae4b023c637e055ec,within_2km,15,169,1904,19298,12,132,1320,13200
4b35a0aaf964a5204a2e25e3,4b582d82f964a520084d28e3,within_2km,17,302,4655,66906,16,240,3360,43680
4b35a0aaf964a5204a2e25e3,4b5bad9cf964a520820f29e3,within_2km,18,305,4738,67611,16,240,3360,43680
4b35a0aaf964a5204a2e25e3,4b5bb41df964a520111129e3,within_2km,20,320,5050,70782,16,240,3360,43680
4b35a0aaf964a5204a2e25e3,4b5beeb7f964a520d61d29e3,within_2km,22,297,4648,66110,16,240,3360,43680
4b35a0aaf964a5204a2e25e3,4b6154f1f964a52056102ae3,within_2km,19,290,4443,64138,16,240,3360,43680
4b35a0aaf964a5204a2e25e3,4b6a851bf964a52093d72be3,within_2km,23,302,4717,66932,16,240,3360,43680
4b35a0aaf964a5204a2e25e3,4b7520b8f964a520b6fe2de3,within_2km,18,300,4599,66202,16,240,3360,43680
4b35a0aaf964a5204a2e25e3,4b91b2e9f964a520c9d033e3,within_2km,18,285,4365,63007,16,240,3360,43680
4b35a0aaf964a5204a2e25e3,4bb596022ea1952114a4aa2f,within_2km,16,279,4235,61608,16,240,3360,43680
4b35a0aaf964a5204a2e25e3,4c56628e30d82d7f9490d762,within_2km,16,278,4220,61385,16,240,3360,43680
4b35a0aaf964a5204a2e25e3,4d32a9c2b60937042bc8f9df,within_2km,3,62,910,14392,3,51,780,11361
4b35a0aaf964a5204a2e25e3,4d3a7f9317312c0fc7e629f2,within_2km,16,278,4220,61385,16,240,3360,43680
4b35a0aaf964a5204a2e25e3,4dd3951cd22dc96be80944d4,within_2km,20,313,4827,68852,16,240,3360,43680
4b35a0aaf964a5204a2e25e3,4e13d537b61c18a826fcd777,within_2km,16,279,4239,61637,16,240,3360,43680
4b35a0aaf964a5204a2e25e3,4e910f436d8615aa713956d3,within_2km,20,301,4637,66468,16,240,3360,43680
4b35a0aaf964a5204a2e25e3,4eb3c2e3469073bbc565879d,within_2km,16,278,4220,61385,16,240,3360,43680
4b35a0aaf964a5204a2e25e3,4f533277e4b036244b07dbd3,within_2km,16,281,4268,62027,16,240,3360,43680
4b36cbc0f964a5209d3c25e3,4b5bf603f964a520171f29e3,within_2km,2,8,12,17,2,5,5,9
4b36cbc0f964a5209d3c25e3,4b651198f964a5208ee22ae3,within_2km,3,7,9,17,2,5,5,9
4b36cbc0f964a5209d3c25e3,4cce8b9e2dc437044415d508,within_2km,2,5,13,20,2,4,5,9
4b49a6bef964a5202b7226e3,4b5542c8f964a52027e027e3,within_2km,26,515,10739,212082,22,462,9240,175560
4b49a6bef964a5202b7226e3,4b5aa058f964a52068ce28e3,within_2km,25,528,11053,217612,22,462,9240,175560
4b49a6bef964a5202b7226e3,4b5bfab8f964a520e91f29e3,within_2km,24,500,10387,205936,22,462,9240,175560
4b49a6bef964a5202b7226e3,4b5bfd03f964a520462029e3,within_2km,23,492,10208,202744,22,462,9240,175560
4b49a6bef964a5202b7226e3,4b62da14f964a5208c552ae3,within_2km,23,506,10532,208417,22,462,9240,175560
4b49a6bef964a5202b7226e3,4b63ca9ef964a520c5912ae3,within_2km,24,517,10770,212758,22,462,9240,175560
4b49a6bef964a5202b7226e3,4b63eb4ff964a52015972ae3,within_2km,22,500,10391,205888,22,462,9240,175560
4b49a6bef964a5202b7226e3,4b7af3d1f964a520e3472fe3,within_2km,27,546,11443,224021,22,462,9240,175560
4b49a6bef964a5202b7226e3,4b7e29e5f964a520ebe42fe3,within_2km,24,528,11061,217400,22,462,9240,175560
4b49a6bef964a5202b7226e3,4b88c6bbf964a520000d32e3,within_2km,24,500,10395,205882,22,462,9240,175560
4b49a6bef964a5202b7226e3,4bd962602e6f0f4780610a08,within_2km,24,502,10425,206678,22,462,9240,175560
4b49a6bef964a5202b7226e3,4c62336158810f4723d2061e,within_2km,22,497,10319,204669,22,462,9240,175560
4b49a6bef964a5202b7226e3,4d32911b5017a093aae54a9b,within_2km,22,489,10143,201570,22,462,9240,175560
4b49a6bef964a5202b7226e3,4d526ef4e02754816d6eb4b6,within_2km,24,512,10679,211055,22,462,9240,175560
4b49a6bef964a5202b7226e3,4df4798c14954f21cf31ea8c,within_2km,22,489,10143,201542,22,462,9240,175560
4b49a6bef964a5202b7226e3,4e12ff58483bee47ff3f2676,within_2km,22,488,10122,201150,22,462,9240,175560
4b49a6bef964a5202b7226e3,4e648c7a8877954de9170315,within_2km,22,488,10122,201150,22,462,9240,175560
4b49a6bef964a5202b7226e3,4eaa005f29c2152deb268308,within_2km,22,489,10146,201570,22,462,9240,175560
4b49a6bef964a5202b7226e3,4ef564018231c11154cb0744,within_2km,22,488,10122,201150,22,462,9240,175560
4b49a6bef964a5202b7226e3,4f66d6ece4b0eae10c7bafee,within_2km,22,492,10216,202924,22,462,9240,175560
4b49a6bef964a5202b7226e3,4f6bd465e4b0600330d4066c,within_2km,22,488,10122,201156,22,462,9240,175560
4b49a6bef964a5202b7226e3,4fab974be4b05cb200996955,within_2km,22,490,10168,201947,22,462,9240,175560
4b49a6bef964a5202b7226e3,4ff147c5e4b05cede0ddeddc,within_2km,22,490,10168,201990,22,462,9240,175560
4b526ce7f964a520a67c27e3,4b52730af964a520da7d27e3,within_2km,13,155,1754,18046,12,132,1320,13200
4b526ce7f964a520a67c27e3,4b6036e1f964a5204dda29e3,within_2km,13,164,1820,18531,12,132,1320,13200
4b526ce7f964a520a67c27e3,4b6170d8f964a520a7132ae3,within_2km,16,168,1896,19228,12,132,1320,13200
4b526ce7f964a520a67c27e3,4b63e2c1f964a520c0952ae3,within_2km,10,128,1451,15381,10,120,1320,13200
4b526ce7f964a520a67c27e3,4b7f593ff964a5201d2930e3,within_2km,14,159,1757,17987,12,132,1320,13200
4b526ce7f964a520a67c27e3,4bc04e402a89ef3bd45cf088,within_2km,14,162,1814,18656,12,132,1320,13200
4b526ce7f964a520a67c27e3,4cc7a93e5b7aa14334aa307d,within_2km,12,153,1704,17603,12,132,1320,13200
4b526ce7f964a520a67c27e3,4d148b7c6d1037040f3122bd,within_2km,13,160,1774,18121,12,132,1320,13200
4b526ce7f964a520a67c27e3,4e4cedde18a822288dd822ed,within_2km,13,161,1779,18217,12,132,1320,13200
4b526ce7f964a520a67c27e3,4e4cfe4718388d49816f02a9,within_2km,12,159,1765,18161,12,132,1320,13200
4b526ce7f964a520a67c27e3,4f081a44e4b06fab19031bcb,within_2km,13,159,1759,18007,12,132,1320,13200
4b526ce7f964a520a67c27e3,4f5c13fee4b086681bb56c4f,within_2km,13,160,1772,18129,12,132,1320,13200
4b526ce7f964a520a67c27e3,4f7f9ceae4b023c637e055ec,within_2km,13,166,1865,18961,12,132,1320,13200
4b52730af964a520da7d27e3,4b6036e1f964a5204dda29e3,within_2km,12,153,1712,17679,12,132,1320,13200
4b52730af964a520da7d27e3,4b6170d8f964a520a7132ae3,within_2km,13,161,1844,18724,12,132,1320,13200
4b52730af964a520da7d27e3,4b7f593ff964a5201d2930e3,within_2km,12,150,1678,17394,12,132,1320,13200
4b52730af964a520da7d27e3,4bc04e402a89ef3bd45cf088,within_2km,12,153,1743,17950,12,132,1320,13200
4b52730af964a520da7d27e3,4cc7a93e5b7aa14334aa307d,within_2km,12,140,1582,16610,12,132,1320,13200
4b52730af964a520da7d27e3,4d148b7c6d1037040f3122bd,within_2km,12,149,1669,17324,12,132,1320,13200
4b52730af964a520da7d27e3,4e4cedde18a822288dd822ed,within_2km,12,150,1679,17405,12,132,1320,13200
4b52730af964a520da7d27e3,4e4cfe4718388d49816f02a9,within_2km,12,145,1642,17144,12,132,1320,13200
4b52730af964a520da7d27e3,4f081a44e4b06fab19031bcb,within_2km,12,148,1658,17213,12,132,1320,13200
4b52730af964a520da7d27e3,4f5c13fee4b086681bb56c4f,within_2km,12,149,1675,17309,12,132,1320,13200
4b52730af964a520da7d27e3,4f7f9ceae4b023c637e055ec,within_2km,12,155,1755,18084,12,132,1320,13200
4b5542c8f964a52027e027e3,4b5aa058f964a52068ce28e3,within_2km,24,539,11364,222173,22,462,9240,175560
4b5542c8f964a52027e027e3,4b5bfab8f964a520e91f29e3,within_2km,24,509,10585,209448,22,462,9240,175560
4b5542c8f964a52027e027e3,4b5bfd03f964a520462029e3,within_2km,22,503,10436,207016,22,462,9240,175560
4b5542c8f964a52027e027e3,4b62da14f964a5208c552ae3,within_2km,27,507,10552,208606,22,462,9240,175560
4b5542c8f964a52027e027e3,4b63ca9ef964a520c5912ae3,within_2km,24,526,10961,216413,22,462,9240,175560
4b5542c8f964a52027e027e3,4b63eb4ff964a52015972ae3,within_2km,22,509,10561,209434,22,462,9240,175560
4b5542c8f964a52027e027e3,4b7af3d1f964a520e3472fe3,within_2km,27,555,11738,227809,22,462,9240,175560
4b5542c8f964a52027e027e3,4b7e29e5f964a520ebe42fe3,within_2km,29,527,11044,216794,22,462,9240,175560
4b5542c8f964a52027e027e3,4b88c6bbf964a520000d32e3,within_2km,24,509,10576,209401,22,462,9240,175560
4b5542c8f964a52027e027e3,4bd962602e6f0f4780610a08,within_2km,23,513,10654,211071,22,462,9240,175560
4b5542c8f964a52027e027e3,4c62336158810f4723d2061e,within_2km,23,504,10452,207317,22,462,9240,175560
4b5542c8f964a52027e027e3,4d32911b5017a093aae54a9b,within_2km,22,498,10321,204990,22,462,9240,175560
4b5542c8f964a52027e027e3,4d526ef4e02754816d6eb4b6,within_2km,24,521,10870,214697,22,462,9240,175560
4b5542c8f964a52027e027e3,4df4798c14954f21cf31ea8c,within_2km,22,498,10314,204979,22,462,9240,175560
4b5542c8f964a52027e027e3,4e12ff58483bee47ff3f2676,within_2km,22,497,10293,204578,22,462,9240,175560
4b5542c8f964a52027e027e3,4e648c7a8877954de9170315,within_2km,22,497,10293,204578,22,462,9240,175560
4b5542c8f964a52027e027e3,4eaa005f29c2152deb268308,within_2km,23,496,10274,204188,22,462,9240,175560
4b5542c8f964a52027e027e3,4ef564018231c11154cb0744,within_2km,22,497,10293,204578,22,462,9240,175560
4b5542c8f964a52027e027e3,4f66d6ece4b0eae10c7bafee,within_2km,22,501,10390,206391,22,462,9240,175560
4b5542c8f964a52027e027e3,4f6bd465e4b0600330d4066c,within_2km,22,497,10294,204582,22,462,9240,175560
4b5542c8f964a52027e027e3,4fab974be4b05cb200996955,within_2km,23,497,10300,204561,22,462,9240,175560
4b5542c8f964a52027e027e3,4ff147c5e4b05cede0ddeddc,within_2km,22,499,10340,205437,22,462,9240,175560
4b57171cf964a520052628e3,4b5a9d21f964a520c6cd28e3,within_2km,5,2,10,89,1,2,9,72
4b57171cf964a520052628e3,4b5be59df964a520331c29e3,within_2km,1,6,15,55,1,4,6,48
4b58051ef964a520c54828e3,4b67d1a8f964a520795e2be3,within_2km,3,1,7,40,1,1,4,32
4b58051ef964a520c54828e3,4d03226d26adb1f71bbcca70,within_2km,2,2,0,14,1,2,0,12
4b582d82f964a520084d28e3,4b5bad9cf964a520820f29e3,within_2km,19,291,4502,64457,16,240,3360,43680
4b582d82f964a520084d28e3,4b5bb41df964a520111129e3,within_2km,21,306,4736,67440,16,240,3360,43680
4b582d82f964a520084d28e3,4b5beeb7f964a520d61d29e3,within_2km,16,297,4602,66144,16,240,3360,43680
4b582d82f964a520084d28e3,4b6154f1f964a52056102ae3,within_2km,17,282,4323,62480,16,240,3360,43680
4b582d82f964a520084d28e3,4b6a851bf964a52093d72be3,within_2km,18,300,4630,66521,16,240,3360,43680
4b582d82f964a520084d28e3,4b7520b8f964a520b6fe2de3,within_2km,19,286,4399,63085,16,240,3360,43680
4b582d82f964a520084d28e3,4b91b2e9f964a520c9d033e3,within_2km,17,275,4202,61042,16,240,3360,43680
4b582d82f964a520084d28e3,4bb596022ea1952114a4aa2f,within_2km,16,267,4079,59234,16,240,3360,43680
4b582d82f964a520084d28e3,4c56628e30d82d7f9490d762,within_2km,16,266,4064,59034,16,240,3360,43680
4b582d82f964a520084d28e3,4d3a7f9317312c0fc7e629f2,within_2km,16,266,4064,59034,16,240,3360,43680
4b582d82f964a520084d28e3,4dd3951cd22dc96be80944d4,within_2km,21,299,4595,65595,16,240,3360,43680
4b582d82f964a520084d28e3,4e13d537b61c18a826fcd777,within_2km,16,267,4080,59268,16,240,3360,43680
4b582d82f964a520084d28e3,4e910f436d8615aa713956d3,within_2km,19,291,4472,64262,16,240,3360,43680
4b582d82f964a520084d28e3,4eb3c2e3469073bbc565879d,within_2km,16,266,4064,59034,16,240,3360,43680
4b582d82f964a520084d28e3,4f533277e4b036244b07dbd3,within_2km,17,267,4081,59228,16,240,3360,43680
4b5855d5f964a5204b5328e3,4b5abaa5f964a52056d228e3,within_2km,5,14,34,62,3,6,11,29
4b5855d5f964a5204b5328e3,4b652cfff964a5209ee72ae3,within_2km,3,14,30,56,3,6,11,23
4b5855d5f964a5204b5328e3,4b68dccdf964a520a0902be3,within_2km,7,10,24,36,3,6,11,23
4b5855d5f964a5204b5328e3,4b8e297bf964a520ff1933e3,within_2km,3,12,26,56,3,6,11,23
4b59f1ecf964a520d0a228e3,4b739b04f964a520b7b52de3,within_2km,3,2,0,6,2,2,0,3
4b59f1ecf964a520d0a228e3,4d8575a9509137043cbd975b,within_2km,2,3,1,6,2,2,1,4
4b59f1ecf964a520d0a228e3,4df30577b61cbd3ec019ddb8,within_2km,2,3,4,3,2,2,3,3
4b5a905df964a52084cb28e3,4b5aa58bf964a52048cf28e3,within_2km,17,206,2618,29890,14,182,2184,24024
4b5a905df964a52084cb28e3,4b5ad3dbf964a52065d628e3,within_2km,14,195,2447,28574,14,182,2184,24024
4b5a905df964a52084cb28e3,4b5c0fe0f964a520d62229e3,within_2km,19,218,2740,31180,14,182,2184,24024
4b5a905df964a52084cb28e3,4b6929aaf964a520ad9a2be3,within_2km,15,204,2583,29813,14,182,2184,24024
4b5a905df964a52084cb28e3,4b7a0c3cf964a520a2202fe3,within_2km,14,196,2462,28637,14,182,2184,24024
4b5a905df964a52084cb28e3,4bc010634cdfc9b6eb789221,within_2km,14,196,2462,28649,14,182,2184,24024
4b5a905df964a52084cb28e3,4bd0416e9854d13a5252f74d,within_2km,15,205,2591,29793,14,182,2184,24024
4b5a905df964a52084cb28e3,4e33b15962e1733d7aa4f6b8,within_2km,14,195,2448,28510,14,182,2184,24024
4b5a905df964a52084cb28e3,4ec74b6d775bf65c034080b5,within_2km,14,193,2426,28272,14,182,2184,24024
4b5a905df964a52084cb28e3,4ec8d5df7ee537da802879a4,within_2km,14,193,2426,28277,14,182,2184,24024
4b5a905df964a52084cb28e3,4f1548d7e4b03856f421df5e,within_2km,14,192,2410,28147,14,182,2184,24024
4b5a905df964a52084cb28e3,4f8e3f6ce4b0dcea356eba23,within_2km,14,195,2448,28510,14,182,2184,24024
4b5a905df964a52084cb28e3,4fab91a3e4b05cb20097aa45,within_2km,14,192,2410,28133,14,182,2184,24024
4b5a905df964a52084cb28e3,4fe3dcaae4b0d43f1f79a1af,within_2km,14,194,2440,28397,14,182,2184,24024
4b5a9d21f964a520c6cd28e3,4b5be59df964a520331c29e3,within_2km,3,4,10,52,1,4,6,48
4b5a9de1f964a520edcd28e3,4b875774f964a52040bc31e3,within_2km,5,3,5,20,2,2,3,15
4b5a9de1f964a520edcd28e3,4bd91f570115c9b63b8b7680,within_2km,2,6,9,15,2,4,4,14
4b5aa058f964a52068ce28e3,4b5bfab8f964a520e91f29e3,within_2km,23,522,10861,214759,22,462,9240,175560
4b5aa058f964a52068ce28e3,4b5bfd03f964a520462029e3,within_2km,23,512,10604,210577,22,462,9240,175560
4b5aa058f964a52068ce28e3,4b62da14f964a5208c552ae3,within_2km,24,524,10927,215633,22,462,9240,175560
4b5aa058f964a52068ce28e3,4b63ca9ef964a520c5912ae3,within_2km,27,531,11127,218461,22,462,9240,175560
4b5aa058f964a52068ce28e3,4b63eb4ff964a52015972ae3,within_2km,24,516,10708,212139,22,462,9240,175560
4b5aa058f964a52068ce28e3,4b7af3d1f964a520e3472fe3,within_2km,34,552,11731,226706,22,462,9240,175560
4b5aa058f964a52068ce28e3,4b7e29e5f964a520ebe42fe3,within_2km,30,536,11327,220627,22,462,9240,175560
4b5aa058f964a52068ce28e3,4b88c6bbf964a520000d32e3,within_2km,22,524,10918,215506,22,462,9240,175560
4b5aa058f964a52068ce28e3,4bd962602e6f0f4780610a08,within_2km,25,520,10811,213843,22,462,9240,175560
4b5aa058f964a52068ce28e3,4c62336158810f4723d2061e,within_2km,22,517,10719,212584,22,462,9240,175560
4b5aa058f964a52068ce28e3,4d32911b5017a093aae54a9b,within_2km,22,509,10530,209364,22,462,9240,175560
4b5aa058f964a52068ce28e3,4d526ef4e02754816d6eb4b6,within_2km,27,526,11044,216745,22,462,9240,175560
4b5aa058f964a52068ce28e3,4df4798c14954f21cf31ea8c,within_2km,22,509,10526,209347,22,462,9240,175560
4b5aa058f964a52068ce28e3,4e12ff58483bee47ff3f2676,within_2km,22,508,10502,208944,22,462,9240,175560
4b5aa058f964a52068ce28e3,4e648c7a8877954de9170315,within_2km,22,508,10502,208944,22,462,9240,175560
4b5aa058f964a52068ce28e3,4eaa005f29c2152deb268308,within_2km,22,509,10529,209394,22,462,9240,175560
4b5aa058f964a52068ce28e3,4ef564018231c11154cb0744,within_2km,22,508,10502,208944,22,462,9240,175560
4b5aa058f964a52068ce28e3,4f66d6ece4b0eae10c7bafee,within_2km,24,508,10532,209132,22,462,9240,175560
4b5aa058f964a52068ce28e3,4f6bd465e4b0600330d4066c,within_2km,22,508,10502,208950,22,462,9240,175560
4b5aa058f964a52068ce28e3,4fab974be4b05cb200996955,within_2km,22,510,10550,209773,22,462,9240,175560
4b5aa058f964a52068ce28e3,4ff147c5e4b05cede0ddeddc,within_2km,22,510,10559,209829,22,462,9240,175560
4b5aa58bf964a52048cf28e3,4b5ad3dbf964a52065d628e3,within_2km,15,203,2538,29638,14,182,2184,24024
4b5aa58bf964a52048cf28e3,4b5c0fe0f964a520d62229e3,within_2km,25,216,2780,31204,14,182,2184,24024
4b5aa58bf964a52048cf28e3,4b6929aaf964a520ad9a2be3,within_2km,15,214,2764,31177,14,182,2184,24024
4b5aa58bf964a52048cf28e3,4b7a0c3cf964a520a2202fe3,within_2km,15,204,2552,29673,14,182,2184,24024
4b5aa58bf964a52048cf28e3,4bc010634cdfc9b6eb789221,within_2km,14,206,2580,29985,14,182,2184,24024
4b5aa58bf964a52048cf28e3,4bd0416e9854d13a5252f74d,within_2km,16,213,2713,30861,14,182,2184,24024
4b5aa58bf964a52048cf28e3,4e33b15962e1733d7aa4f6b8,within_2km,14,205,2566,29833,14,182,2184,24024
4b5aa58bf964a52048cf28e3,4ec74b6d775bf65c034080b5,within_2km,14,203,2542,29577,14,182,2184,24024
4b5aa58bf964a52048cf28e3,4ec8d5df7ee537da802879a4,within_2km,14,203,2543,29583,14,182,2184,24024
4b5aa58bf964a52048cf28e3,4f1548d7e4b03856f421df5e,within_2km,14,202,2522,29461,14,182,2184,24024
4b5aa58bf964a52048cf28e3,4f8e3f6ce4b0dcea356eba23,within_2km,14,205,2566,29833,14,182,2184,24024
4b5aa58bf964a52048cf28e3,4fab91a3e4b05cb20097aa45,within_2km,14,202,2520,29444,14,182,2184,24024
4b5aa58bf964a52048cf28e3,4fe3dcaae4b0d43f1f79a1af,within_2km,15,202,2528,29418,14,182,2184,24024
4b5aa5eff964a5205ccf28e3,4b5aa67af964a52072cf28e3,within_2km,2,0,1,2,1,0,1,2
4b5abaa5f964a52056d228e3,4b652cfff964a5209ee72ae3,within_2km,5,10,23,44,3,6,11,23
4b5abaa5f964a52056d228e3,4b68dccdf964a520a0902be3,within_2km,5,14,30,39,3,6,11,23
4b5abaa5f964a52056d228e3,4b8e297bf964a520ff1933e3,within_2km,3,12,26,51,3,6,11,23
4b5ac0a7f964a5204bd328e3,4b68ee86f964a520c4932be3,within_2km,0,0,1,2,0,0,1,2
4b5ad3dbf964a52065d628e3,4b5c0fe0f964a520d62229e3,within_2km,14,221,2783,31820,14,182,2184,24024
4b5ad3dbf964a52065d628e3,4b6929aaf964a520ad9a2be3,within_2km,14,199,2506,29211,14,182,2184,24024
4b5ad3dbf964a52065d628e3,4b7a0c3cf964a520a2202fe3,within_2km,14,189,2378,27724,14,182,2184,24024
4b5ad3dbf964a52065d628e3,4bc010634cdfc9b6eb789221,within_2km,15,187,2353,27468,14,182,2184,24024
4b5ad3dbf964a52065d628e3,4bd0416e9854d13a5252f74d,within_2km,15,198,2478,28909,14,182,2184,24024
4b5ad3dbf964a52065d628e3,4e33b15962e1733d7aa4f6b8,within_2km,14,188,2366,27598,14,182,2184,24024
4b5ad3dbf964a52065d628e3,4ec74b6d775bf65c034080b5,within_2km,14,186,2344,27374,14,182,2184,24024
4b5ad3dbf964a52065d628e3,4ec8d5df7ee537da802879a4,within_2km,14,186,2344,27379,14,182,2184,24024
4b5ad3dbf964a52065d628e3,4f1548d7e4b03856f421df5e,within_2km,14,185,2335,27238,14,182,2184,24024
4b5ad3dbf964a52065d628e3,4f8e3f6ce4b0dcea356eba23,within_2km,14,188,2366,27598,14,182,2184,24024
4b5ad3dbf964a52065d628e3,4fab91a3e4b05cb20097aa45,within_2km,14,185,2333,27226,14,182,2184,24024
4b5ad3dbf964a52065d628e3,4fe3dcaae4b0d43f1f79a1af,within_2km,14,187,2356,27497,14,182,2184,24024
4b5bad9cf964a520820f29e3,4b5bb41df964a520111129e3,within_2km,25,303,4715,66827,16,240,3360,43680
4b5bad9cf964a520820f29e3,4b5beeb7f964a520d61d29e3,within_2km,20,294,4587,65468,16,240,3360,43680
4b5bad9cf964a520820f29e3,4b6154f1f964a52056102ae3,within_2km,18,285,4369,63189,16,240,3360,43680
4b5bad9cf964a520820f29e3,4b6a851bf964a52093d72be3,within_2km,18,305,4763,67651,16,240,3360,43680
4b5bad9cf964a520820f29e3,4b7520b8f964a520b6fe2de3,within_2km,18,293,4504,64724,16,240,3360,43680
4b5bad9cf964a520820f29e3,4b91b2e9f964a520c9d033e3,within_2km,16,282,4313,62601,16,240,3360,43680
4b5bad9cf964a520820f29e3,4bb596022ea1952114a4aa2f,within_2km,16,272,4144,60340,16,240,3360,43680
4b5bad9cf964a520820f29e3,4c56628e30d82d7f9490d762,within_2km,16,271,4129,60135,16,240,3360,43680
4b5bad9cf964a520820f29e3,4d3a7f9317312c0fc7e629f2,within_2km,16,271,4129,60135,16,240,3360,43680
4b5bad9cf964a520820f29e3,4dd3951cd22dc96be80944d4,within_2km,20,306,4740,67218,16,240,3360,43680
4b5bad9cf964a520820f29e3,4e13d537b61c18a826fcd777,within_2km,16,272,4146,60376,16,240,3360,43680
4b5bad9cf964a520820f29e3,4e910f436d8615aa713956d3,within_2km,19,296,4565,65422,16,240,3360,43680
4b5bad9cf964a520820f29e3,4eb3c2e3469073bbc565879d,within_2km,16,271,4129,60135,16,240,3360,43680
4b5bad9cf964a520820f29e3,4f533277e4b036244b07dbd3,within_2km,16,274,4178,60751,16,240,3360,43680
4b5bb41df964a520111129e3,4b5beeb7f964a520d61d29e3,within_2km,22,309,4868,68645,16,240,3360,43680
4b5bb41df964a520111129e3,4b6154f1f964a52056102ae3,within_2km,17,306,4698,67464,16,240,3360,43680
4b5bb41df964a520111129e3,4b6a851bf964a52093d72be3,within_2km,23,314,4940,69496,16,240,3360,43680
4b5bb41df964a520111129e3,4b7520b8f964a520b6fe2de3,within_2km,19,310,4775,68157,16,240,3360,43680
4b5bb41df964a520111129e3,4b91b2e9f964a520c9d033e3,within_2km,16,301,4614,66313,16,240,3360,43680
4b5bb41df964a520111129e3,4bb596022ea1952114a4aa2f,within_2km,16,291,4391,63923,16,240,3360,43680
4b5bb41df964a520111129e3,4c56628e30d82d7f9490d762,within_2km,16,290,4376,63686,16,240,3360,43680
4b5bb41df964a520111129e3,4d3a7f9317312c0fc7e629f2,within_2km,16,290,4376,63686,16,240,3360,43680
4b5bb41df964a520111129e3,4dd3951cd22dc96be80944d4,within_2km,24,317,4910,69453,16,240,3360,43680
4b5bb41df964a520111129e3,4e13d537b61c18a826fcd777,within_2km,16,291,4401,63939,16,240,3360,43680
4b5bb41df964a520111129e3,4e910f436d8615aa713956d3,within_2km,20,313,4854,68932,16,240,3360,43680
4b5bb41df964a520111129e3,4eb3c2e3469073bbc565879d,within_2km,16,290,4376,63686,16,240,3360,43680
4b5bb41df964a520111129e3,4f533277e4b036244b07dbd3,within_2km,16,293,4432,64338,16,240,3360,43680
4b5be175f964a5206c1b29e3,4c09d81c6071a593e6bade32,within_2km,1,1,2,5,1,1,2,1
4b5be779f964a520981c29e3,4c9c3876d3c2b60c2f14b6bc,within_2km,2,1,2,5,1,1,2,5
4b5be779f964a520981c29e3,4cf073097e0da1cd73b78b97,within_2km,2,1,0,2,1,1,0,2
4b5beeb7f964a520d61d29e3,4b6154f1f964a52056102ae3,within_2km,18,285,4378,63452,16,240,3360,43680
4b5beeb7f964a520d61d29e3,4b6a851bf964a52093d72be3,within_2km,22,297,4669,66220,16,240,3360,43680
4b5beeb7f964a520d61d29e3,4b7520b8f964a520b6fe2de3,within_2km,16,297,4557,65973,16,240,3360,43680
4b5beeb7f964a520d61d29e3,4b91b2e9f964a520c9d033e3,within_2km,18,278,4274,61928,16,240,3360,43680
4b5beeb7f964a520d61d29e3,4bb596022ea1952114a4aa2f,within_2km,16,272,4145,60524,16,240,3360,43680
4b5beeb7f964a520d61d29e3,4c56628e30d82d7f9490d762,within_2km,16,271,4129,60310,16,240,3360,43680
4b5beeb7f964a520d61d29e3,4d32a9c2b60937042bc8f9df,within_2km,3,64,914,14248,3,51,780,11361
4b5beeb7f964a520d61d29e3,4d3a7f9317312c0fc7e629f2,within_2km,16,271,4129,60310,16,240,3360,43680
4b5beeb7f964a520d61d29e3,4dd3951cd22dc96be80944d4,within_2km,18,310,4801,68542,16,240,3360,43680
4b5beeb7f964a520d61d29e3,4e13d537b61c18a826fcd777,within_2km,16,272,4148,60563,16,240,3360,43680
4b5beeb7f964a520d61d29e3,4e910f436d8615aa713956d3,within_2km,18,298,4609,66176,16,240,3360,43680
4b5beeb7f964a520d61d29e3,4eb3c2e3469073bbc565879d,within_2km,16,271,4129,60310,16,240,3360,43680
4b5beeb7f964a520d61d29e3,4f533277e4b036244b07dbd3,within_2km,16,274,4172,60944,16,240,3360,43680
4b5bf603f964a520171f29e3,4b651198f964a5208ee22ae3,within_2km,6,5,12,38,2,4,5,25
4b5bf603f964a520171f29e3,4cce8b9e2dc437044415d508,within_2km,3,7,12,25,2,5,5,14
4b5bfab8f964a520e91f29e3,4b5bfd03f964a520462029e3,within_2km,22,484,10058,199542,22,462,9240,175560
4b5bfab8f964a520e91f29e3,4b62da14f964a5208c552ae3,within_2km,24,494,10266,203496,22,462,9240,175560
4b5bfab8f964a520e91f29e3,4b63ca9ef964a520c5912ae3,within_2km,24,507,10521,208462,22,462,9240,175560
4b5bfab8f964a520e91f29e3,4b63eb4ff964a52015972ae3,within_2km,22,490,10177,201864,22,462,9240,175560
4b5bfab8f964a520e91f29e3,4b7af3d1f964a520e3472fe3,within_2km,24,542,11270,221985,22,462,9240,175560
4b5bfab8f964a520e91f29e3,4b7e29e5f964a520ebe42fe3,within_2km,23,520,10820,213925,22,462,9240,175560
4b5bfab8f964a520e91f29e3,4b88c6bbf964a520000d32e3,within_2km,23,492,10221,202668,22,462,9240,175560
4b5bfab8f964a520e91f29e3,4bd962602e6f0f4780610a08,within_2km,22,496,10305,204209,22,462,9240,175560
4b5bfab8f964a520e91f29e3,4c62336158810f4723d2061e,within_2km,23,485,10071,199835,22,462,9240,175560
4b5bfab8f964a520e91f29e3,4d32911b5017a093aae54a9b,within_2km,22,479,9953,197590,22,462,9240,175560
4b5bfab8f964a520e91f29e3,4d526ef4e02754816d6eb4b6,within_2km,24,502,10430,206790,22,462,9240,175560
4b5bfab8f964a520e91f29e3,4df4798c14954f21cf31ea8c,within_2km,22,479,9953,197560,22,462,9240,175560
4b5bfab8f964a520e91f29e3,4e12ff58483bee47ff3f2676,within_2km,22,478,9932,197178,22,462,9240,175560
4b5bfab8f964a520e91f29e3,4e648c7a8877954de9170315,within_2km,22,478,9932,197178,22,462,9240,175560
4b5bfab8f964a520e91f29e3,4eaa005f29c2152deb268308,within_2km,22,479,9953,197584,22,462,9240,175560
4b5bfab8f964a520e91f29e3,4ef564018231c11154cb0744,within_2km,22,478,9932,197178,22,462,9240,175560
4b5bfab8f964a520e91f29e3,4f66d6ece4b0eae10c7bafee,within_2km,22,482,10015,198867,22,462,9240,175560
4b5bfab8f964a520e91f29e3,4f6bd465e4b0600330d4066c,within_2km,22,478,9932,197184,22,462,9240,175560
4b5bfab8f964a520e91f29e3,4fab974be4b05cb200996955,within_2km,22,480,9974,197966,22,462,9240,175560
4b5bfab8f964a520e91f29e3,4ff147c5e4b05cede0ddeddc,within_2km,22,480,9974,197984,22,462,9240,175560
4b5bfd03f964a520462029e3,4b62da14f964a5208c552ae3,within_2km,22,488,10136,201171,22,462,9240,175560
4b5bfd03f964a520462029e3,4b63ca9ef964a520c5912ae3,within_2km,23,499,10348,205222,22,462,9240,175560
4b5bfd03f964a520462029e3,4b63eb4ff964a52015972ae3,within_2km,22,480,9976,197960,22,462,9240,175560
4b5bfd03f964a520462029e3,4b7af3d1f964a520e3472fe3,within_2km,22,536,11091,219361,22,462,9240,175560
4b5bfd03f964a520462029e3,4b7e29e5f964a520ebe42fe3,within_2km,23,510,10561,209793,22,462,9240,175560
4b5bfd03f964a520462029e3,4b88c6bbf964a520000d32e3,within_2km,22,484,10052,199564,22,462,9240,175560
4b5bfd03f964a520462029e3,4bd962602e6f0f4780610a08,within_2km,23,484,10054,199444,22,462,9240,175560
4b5bfd03f964a520462029e3,4c62336158810f4723d2061e,within_2km,22,477,9916,196771,22,462,9240,175560
4b5bfd03f964a520462029e3,4d32911b5017a093aae54a9b,within_2km,22,469,9762,193768,22,462,9240,175560
4b5bfd03f964a520462029e3,4d526ef4e02754816d6eb4b6,within_2km,23,494,10252,203581,22,462,9240,175560
4b5bfd03f964a520462029e3,4df4798c14954f21cf31ea8c,within_2km,22,469,9762,193740,22,462,9240,175560
4b5bfd03f964a520462029e3,4e12ff58483bee47ff3f2676,within_2km,22,468,9742,193365,22,462,9240,175560
4b5bfd03f964a520462029e3,4e648c7a8877954de9170315,within_2km,22,468,9742,193365,22,462,9240,175560
4b5bfd03f964a520462029e3,4eaa005f29c2152deb268308,within_2km,22,469,9761,193765,22,462,9240,175560
4b5bfd03f964a520462029e3,4ef564018231c11154cb0744,within_2km,22,468,9742,193365,22,462,9240,175560
4b5bfd03f964a520462029e3,4f66d6ece4b0eae10c7bafee,within_2km,22,472,9821,195014,22,462,9240,175560
4b5bfd03f964a520462029e3,4f6bd465e4b0600330d4066c,within_2km,22,468,9742,193371,22,462,9240,175560
4b5bfd03f964a520462029e3,4fab974be4b05cb200996955,within_2km,22,470,9781,194141,22,462,9240,175560
4b5bfd03f964a520462029e3,4ff147c5e4b05cede0ddeddc,within_2km,22,470,9782,194153,22,462,9240,175560
4b5c0be8f964a520562229e3,4b5c11a5f964a520382329e3,within_2km,7,39,193,872,6,30,120,440
4b5c0be8f964a520562229e3,4b5d6871f964a5201d5c29e3,within_2km,8,41,198,938,6,30,120,440
4b5c0be8f964a520562229e3,4b63f798f964a52028992ae3,within_2km,9,42,221,1005,6,30,120,440
4b5c0be8f964a520562229e3,4c1b527463750f475aa2b467,within_2km,7,41,209,1088,6,30,120,440
4b5c0be8f964a520562229e3,4d32a9c2b60937042bc8f9df,within_2km,6,44,231,1778,6,30,120,523
4b5c0be8f964a520562229e3,4d577b04e319a1cdeb420534,within_2km,8,39,220,1080,6,30,120,440
4b5c0be8f964a520562229e3,4ecf58f061af476c0748a1c2,within_2km,7,44,225,1058,6,30,120,440
4b5c0fe0f964a520d62229e3,4b6929aaf964a520ad9a2be3,within_2km,21,218,2832,31644,14,182,2184,24024
4b5c0fe0f964a520d62229e3,4b7a0c3cf964a520a2202fe3,within_2km,15,220,2729,31518,14,182,2184,24024
4b5c0fe0f964a520d62229e3,4bc010634cdfc9b6eb789221,within_2km,15,220,2733,31512,14,182,2184,24024
4b5c0fe0f964a520d62229e3,4bd0416e9854d13a5252f74d,within_2km,20,221,2806,31723,14,182,2184,24024
4b5c0fe0f964a520d62229e3,4e33b15962e1733d7aa4f6b8,within_2km,15,219,2707,31391,14,182,2184,24024
4b5c0fe0f964a520d62229e3,4ec74b6d775bf65c034080b5,within_2km,15,217,2684,31075,14,182,2184,24024
4b5c0fe0f964a520d62229e3,4ec8d5df7ee537da802879a4,within_2km,15,217,2685,31110,14,182,2184,24024
4b5c0fe0f964a520d62229e3,4f1548d7e4b03856f421df5e,within_2km,14,218,2703,31252,14,182,2184,24024
4b5c0fe0f964a520d62229e3,4f8e3f6ce4b0dcea356eba23,within_2km,15,219,2707,31391,14,182,2184,24024
4b5c0fe0f964a520d62229e3,4fab91a3e4b05cb20097aa45,within_2km,14,218,2696,31225,14,182,2184,24024
4b5c0fe0f964a520d62229e3,4fe3dcaae4b0d43f1f79a1af,within_2km,15,218,2704,31199,14,182,2184,24024
4b5c11a5f964a520382329e3,4b5d6871f964a5201d5c29e3,within_2km,6,35,175,782,6,30,120,440
4b5c11a5f964a520382329e3,4b63f798f964a52028992ae3,within_2km,6,38,192,861,6,30,120,440
4b5c11a5f964a520382329e3,4c1b527463750f475aa2b467,within_2km,6,34,172,773,6,30,120,440
4b5c11a5f964a520382329e3,4d32a9c2b60937042bc8f9df,within_2km,6,32,170,876,6,30,120,440
4b5c11a5f964a520382329e3,4d577b04e319a1cdeb420534,within_2km,6,34,175,838,6,30,120,440
4b5c11a5f964a520382329e3,4ecf58f061af476c0748a1c2,within_2km,6,36,179,804,6,30,120,440
4b5d6871f964a5201d5c29e3,4b5e9e59f964a5201c9429e3,within_2km,2,16,103,545,2,12,62,270
4b5d6871f964a5201d5c29e3,4b63f798f964a52028992ae3,within_2km,7,41,196,876,6,30,120,440
4b5d6871f964a5201d5c29e3,4c1b527463750f475aa2b467,within_2km,6,37,188,856,6,30,120,440
4b5d6871f964a5201d5c29e3,4d32a9c2b60937042bc8f9df,within_2km,6,35,192,1057,6,30,120,440
4b5d6871f964a5201d5c29e3,4d577b04e319a1cdeb420534,within_2km,6,37,193,925,6,30,120,440
4b5d6871f964a5201d5c29e3,4ecf58f061af476c0748a1c2,within_2km,7,38,189,832,6,30,120,440
4b5e9e59f964a5201c9429e3,4b63f798f964a52028992ae3,within_2km,4,16,91,481,2,12,62,270
4b5e9e59f964a5201c9429e3,4dfdc23f8877e9c474975aa6,within_2km,3,5,30,191,2,5,27,163
4b5e9e59f964a5201c9429e3,4ecf58f061af476c0748a1c2,within_2km,3,17,96,511,2,12,62,270
4b600f20f964a52087d429e3,4b7a66d4f964a520dd2b2fe3,within_2km,2,0,1,0,1,0,1,0
4b6036e1f964a5204dda29e3,4b6170d8f964a520a7132ae3,within_2km,15,166,1833,18776,12,132,1320,13200
4b6036e1f964a5204dda29e3,4b63e2c1f964a520c0952ae3,within_2km,10,124,1421,14976,10,120,1320,13200
4b6036e1f964a5204dda29e3,4b7f593ff964a5201d2930e3,within_2km,13,157,1737,17684,12,132,1320,13200
4b6036e1f964a5204dda29e3,4bc04e402a89ef3bd45cf088,within_2km,13,160,1778,18194,12,132,1320,13200
4b6036e1f964a5204dda29e3,4cc7a93e5b7aa14334aa307d,within_2km,12,149,1665,17090,12,132,1320,13200
4b6036e1f964a5204dda29e3,4d148b7c6d1037040f3122bd,within_2km,13,156,1730,17603,12,132,1320,13200
4b6036e1f964a5204dda29e3,4e4cedde18a822288dd822ed,within_2km,13,157,1738,17678,12,132,1320,13200
4b6036e1f964a5204dda29e3,4e4cfe4718388d49816f02a9,within_2km,13,152,1700,17428,12,132,1320,13200
4b6036e1f964a5204dda29e3,4f081a44e4b06fab19031bcb,within_2km,13,155,1717,17485,12,132,1320,13200
4b6036e1f964a5204dda29e3,4f5c13fee4b086681bb56c4f,within_2km,13,156,1728,17602,12,132,1320,13200
4b6036e1f964a5204dda29e3,4f7f9ceae4b023c637e055ec,within_2km,14,160,1774,18115,12,132,1320,13200
4b6154f1f964a52056102ae3,4b6a851bf964a52093d72be3,within_2km,17,294,4515,65141,16,240,3360,43680
4b6154f1f964a52056102ae3,4b7520b8f964a520b6fe2de3,within_2km,18,280,4291,61817,16,240,3360,43680
4b6154f1f964a52056102ae3,4b91b2e9f964a520c9d033e3,within_2km,16,269,4128,59755,16,240,3360,43680
4b6154f1f964a52056102ae3,4bb596022ea1952114a4aa2f,within_2km,16,259,3973,57610,16,240,3360,43680
4b6154f1f964a52056102ae3,4c56628e30d82d7f9490d762,within_2km,16,258,3960,57413,16,240,3360,43680
4b6154f1f964a52056102ae3,4d3a7f9317312c0fc7e629f2,within_2km,16,258,3960,57413,16,240,3360,43680
4b6154f1f964a52056102ae3,4dd3951cd22dc96be80944d4,within_2km,19,295,4504,64730,16,240,3360,43680
4b6154f1f964a52056102ae3,4e13d537b61c18a826fcd777,within_2km,16,259,3974,57642,16,240,3360,43680
4b6154f1f964a52056102ae3,4e910f436d8615aa713956d3,within_2km,18,285,4368,62932,16,240,3360,43680
4b6154f1f964a52056102ae3,4eb3c2e3469073bbc565879d,within_2km,16,258,3960,57413,16,240,3360,43680
4b6154f1f964a52056102ae3,4f533277e4b036244b07dbd3,within_2km,16,261,4005,58002,16,240,3360,43680
4b6170d8f964a520a7132ae3,4b63e2c1f964a520c0952ae3,within_2km,10,133,1500,15894,10,120,1320,13200
4b6170d8f964a520a7132ae3,4b7f593ff964a5201d2930e3,within_2km,13,167,1848,18879,12,132,1320,13200
4b6170d8f964a520a7132ae3,4bc04e402a89ef3bd45cf088,within_2km,15,166,1881,19116,12,132,1320,13200
4b6170d8f964a520a7132ae3,4cc7a93e5b7aa14334aa307d,within_2km,12,160,1760,18239,12,132,1320,13200
4b6170d8f964a520a7132ae3,4d148b7c6d1037040f3122bd,within_2km,14,164,1813,18568,12,132,1320,13200
4b6170d8f964a520a7132ae3,4e4cedde18a822288dd822ed,within_2km,13,168,1840,18896,12,132,1320,13200
4b6170d8f964a520a7132ae3,4e4cfe4718388d49816f02a9,within_2km,13,163,1811,18629,12,132,1320,13200
4b6170d8f964a520a7132ae3,4f081a44e4b06fab19031bcb,within_2km,13,165,1819,18683,12,132,1320,13200
4b6170d8f964a520a7132ae3,4f5c13fee4b086681bb56c4f,within_2km,13,166,1837,18796,12,132,1320,13200
4b6170d8f964a520a7132ae3,4f7f9ceae4b023c637e055ec,within_2km,15,168,1900,19203,12,132,1320,13200
4b624c63f964a52003412ae3,4be7e5c588ed2d7faf2dcb1d,within_2km,1,0,3,37,1,0,2,29
4b624c63f964a52003412ae3,4c25bf82f1272d7f026185c5,within_2km,1,0,1,4,1,0,1,3
4b62da14f964a5208c552ae3,4b63ca9ef964a520c5912ae3,within_2km,23,513,10666,211000,22,462,9240,175560
4b62da14f964a5208c552ae3,4b63eb4ff964a52015972ae3,within_2km,22,494,10261,203504,22,462,9240,175560
4b62da14f964a5208c552ae3,4b7af3d1f964a520e3472fe3,within_2km,26,542,11290,221996,22,462,9240,175560
4b62da14f964a5208c552ae3,4b7e29e5f964a520ebe42fe3,within_2km,25,520,10861,213846,22,462,9240,175560
4b62da14f964a5208c552ae3,4b88c6bbf964a520000d32e3,within_2km,22,498,10358,205106,22,462,9240,175560
4b62da14f964a5208c552ae3,4bd962602e6f0f4780610a08,within_2km,23,498,10344,205047,22,462,9240,175560
4b62da14f964a5208c552ae3,4c62336158810f4723d2061e,within_2km,23,489,10154,201459,22,462,9240,175560
4b62da14f964a5208c552ae3,4d32911b5017a093aae54a9b,within_2km,22,483,10032,199201,22,462,9240,175560
4b62da14f964a5208c552ae3,4d526ef4e02754816d6eb4b6,within_2km,22,510,10622,210141,22,462,9240,175560
4b62da14f964a5208c552ae3,4df4798c14954f21cf31ea8c,within_2km,22,483,10028,199182,22,462,9240,175560
4b62da14f964a5208c552ae3,4e12ff58483bee47ff3f2676,within_2km,22,482,10008,198793,22,462,9240,175560
4b62da14f964a5208c552ae3,4e648c7a8877954de9170315,within_2km,22,482,10008,198793,22,462,9240,175560
4b62da14f964a5208c552ae3,4eaa005f29c2152deb268308,within_2km,22,483,10032,199196,22,462,9240,175560
4b62da14f964a5208c552ae3,4ef564018231c11154cb0744,within_2km,22,482,10008,198793,22,462,9240,175560
4b62da14f964a5208c552ae3,4f66d6ece4b0eae10c7bafee,within_2km,22,486,10094,200501,22,462,9240,175560
4b62da14f964a5208c552ae3,4f6bd465e4b0600330d4066c,within_2km,22,482,10009,198797,22,462,9240,175560
4b62da14f964a5208c552ae3,4fab974be4b05cb200996955,within_2km,22,484,10054,199576,22,462,9240,175560
4b62da14f964a5208c552ae3,4ff147c5e4b05cede0ddeddc,within_2km,22,484,10047,199620,22,462,9240,175560
4b63ca9ef964a520c5912ae3,4b63eb4ff964a52015972ae3,within_2km,22,507,10531,208423,22,462,9240,175560
4b63ca9ef964a520c5912ae3,4b7af3d1f964a520e3472fe3,within_2km,28,551,11555,225842,22,462,9240,175560
4b63ca9ef964a520c5912ae3,4b7e29e5f964a520ebe42fe3,within_2km,25,533,11163,219183,22,462,9240,175560
4b63ca9ef964a520c5912ae3,4b88c6bbf964a520000d32e3,within_2km,22,511,10619,210107,22,462,9240,175560
4b63ca9ef964a520c5912ae3,4bd962602e6f0f4780610a08,within_2km,25,507,10530,208368,22,462,9240,175560
4b63ca9ef964a520c5912ae3,4c62336158810f4723d2061e,within_2km,23,502,10403,206376,22,462,9240,175560
4b63ca9ef964a520c5912ae3,4d32911b5017a093aae54a9b,within_2km,22,496,10279,204042,22,462,9240,175560
4b63ca9ef964a520c5912ae3,4d526ef4e02754816d6eb4b6,within_2km,26,515,10732,211929,22,462,9240,175560
4b63ca9ef964a520c5912ae3,4df4798c14954f21cf31ea8c,within_2km,23,494,10234,203199,22,462,9240,175560
4b63ca9ef964a520c5912ae3,4e12ff58483bee47ff3f2676,within_2km,22,495,10255,203619,22,462,9240,175560
4b63ca9ef964a520c5912ae3,4e648c7a8877954de9170315,within_2km,22,495,10255,203619,22,462,9240,175560
4b63ca9ef964a520c5912ae3,4eaa005f29c2152deb268308,within_2km,22,496,10278,204048,22,462,9240,175560
4b63ca9ef964a520c5912ae3,4ef564018231c11154cb0744,within_2km,22,495,10255,203619,22,462,9240,175560
4b63ca9ef964a520c5912ae3,4f66d6ece4b0eae10c7bafee,within_2km,23,497,10314,204545,22,462,9240,175560
4b63ca9ef964a520c5912ae3,4f6bd465e4b0600330d4066c,within_2km,22,495,10255,203625,22,462,9240,175560
4b63ca9ef964a520c5912ae3,4fab974be4b05cb200996955,within_2km,22,497,10298,204437,22,462,9240,175560
4b63ca9ef964a520c5912ae3,4ff147c5e4b05cede0ddeddc,within_2km,23,495,10260,203647,22,462,9240,175560
4b63e2c1f964a520c0952ae3,4b7f593ff964a5201d2930e3,within_2km,10,121,1399,14761,10,120,1320,13200
4b63e2c1f964a520c0952ae3,4bc04e402a89ef3bd45cf088,within_2km,10,125,1423,15101,10,120,1320,13200
4b63e2c1f964a520c0952ae3,4d148b7c6d1037040f3122bd,within_2km,10,121,1390,14684,10,120,1320,13200
4b63e2c1f964a520c0952ae3,4e4cedde18a822288dd822ed,within_2km,10,120,1402,14780,10,120,1320,13200
4b63e2c1f964a520c0952ae3,4f081a44e4b06fab19031bcb,within_2km,10,120,1383,14593,10,120,1320,13200
4b63e2c1f964a520c0952ae3,4f5c13fee4b086681bb56c4f,within_2km,10,121,1391,14676,10,120,1320,13200
4b63e2c1f964a520c0952ae3,4f7f9ceae4b023c637e055ec,within_2km,10,126,1437,15241,10,120,1320,13200
4b63eb4ff964a52015972ae3,4b7af3d1f964a520e3472fe3,within_2km,26,534,11036,218408,22,462,9240,175560
4b63eb4ff964a52015972ae3,4b7e29e5f964a520ebe42fe3,within_2km,22,518,10768,212997,22,462,9240,175560
4b63eb4ff964a52015972ae3,4b88c6bbf964a520000d32e3,within_2km,24,486,10105,200237,22,462,9240,175560
4b63eb4ff964a52015972ae3,4bd962602e6f0f4780610a08,within_2km,24,488,10136,200959,22,462,9240,175560
4b63eb4ff964a52015972ae3,4c62336158810f4723d2061e,within_2km,23,481,9997,198261,22,462,9240,175560
4b63eb4ff964a52015972ae3,4d32911b5017a093aae54a9b,within_2km,22,475,9875,196032,22,462,9240,175560
4b63eb4ff964a52015972ae3,4d526ef4e02754816d6eb4b6,within_2km,23,500,10386,205932,22,462,9240,175560
4b63eb4ff964a52015972ae3,4df4798c14954f21cf31ea8c,within_2km,22,475,9875,196004,22,462,9240,175560
4b63eb4ff964a52015972ae3,4e12ff58483bee47ff3f2676,within_2km,22,474,9856,195620,22,462,9240,175560
4b63eb4ff964a52015972ae3,4e648c7a8877954de9170315,within_2km,22,474,9856,195620,22,462,9240,175560
4b63eb4ff964a52015972ae3,4eaa005f29c2152deb268308,within_2km,22,475,9875,196026,22,462,9240,175560
4b63eb4ff964a52015972ae3,4ef564018231c11154cb0744,within_2km,22,474,9856,195620,22,462,9240,175560
4b63eb4ff964a52015972ae3,4f66d6ece4b0eae10c7bafee,within_2km,22,478,9940,197278,22,462,9240,175560
4b63eb4ff964a52015972ae3,4f6bd465e4b0600330d4066c,within_2km,22,474,9856,195626,22,462,9240,175560
4b63eb4ff964a52015972ae3,4fab974be4b05cb200996955,within_2km,22,476,9895,196409,22,462,9240,175560
4b63eb4ff964a52015972ae3,4ff147c5e4b05cede0ddeddc,within_2km,22,476,9895,196423,22,462,9240,175560
4b63f798f964a52028992ae3,4c1b527463750f475aa2b467,within_2km,6,41,203,922,6,30,120,440
4b63f798f964a52028992ae3,4d32a9c2b60937042bc8f9df,within_2km,6,39,222,1493,6,30,120,440
4b63f798f964a52028992ae3,4d577b04e319a1cdeb420534,within_2km,7,38,204,989,6,30,120,440
4b63f798f964a52028992ae3,4dfdc23f8877e9c474975aa6,within_2km,2,12,63,317,2,7,38,179
4b63f798f964a52028992ae3,4ecf58f061af476c0748a1c2,within_2km,8,41,189,860,6,30,120,440
4b651198f964a5208ee22ae3,4cce8b9e2dc437044415d508,within_2km,3,9,14,27,2,5,5,17
4b651361f964a520f5e22ae3,4d87295c40a7a35d82fc41be,within_2km,1,1,0,0,1,1,0,0
4b652cfff964a5209ee72ae3,4b68dccdf964a520a0902be3,within_2km,3,14,30,51,3,6,11,23
4b652cfff964a5209ee72ae3,4b8e297bf964a520ff1933e3,within_2km,3,8,26,45,3,6,11,23
4b65817ef964a520bdf22ae3,4d44f7491ed56dcb0c3bb654,within_2km,1,0,0,2,1,0,0,2
4b67d1a8f964a520795e2be3,4d03226d26adb1f71bbcca70,within_2km,1,3,3,20,1,2,1,13
4b67d1a8f964a520795e2be3,4d87295c40a7a35d82fc41be,within_2km,1,1,1,3,1,1,1,2
4b68dccdf964a520a0902be3,4b8e297bf964a520ff1933e3,within_2km,3,12,26,48,3,6,11,23
4b68f365f964a5208a942be3,4be7e5c588ed2d7faf2dcb1d,within_2km,1,2,32,384,1,2,31,375
4b68f365f964a5208a942be3,4cc7a93e5b7aa14334aa307d,within_2km,2,26,306,3540,2,24,277,3049
4b68f365f964a5208a942be3,4e4cedde18a822288dd822ed,within_2km,2,26,318,3657,2,24,277,3049
4b68f365f964a5208a942be3,4e4cfe4718388d49816f02a9,within_2km,3,25,302,3477,2,24,277,3049
4b690990f964a52098972be3,4b690d8ef964a520ff972be3,within_2km,2,4,5,10,2,2,2,5
4b690990f964a52098972be3,4b6bc201f964a5208f172ce3,within_2km,2,4,5,4,2,2,2,3
4b690990f964a52098972be3,4b90ffe3f964a520729e33e3,within_2km,3,4,4,4,2,2,2,4
4b690d8ef964a520ff972be3,4b6bc201f964a5208f172ce3,within_2km,2,4,5,4,2,2,2,3
4b690d8ef964a520ff972be3,4b90ffe3f964a520729e33e3,within_2km,3,4,4,9,2,2,2,5
4b6929aaf964a520ad9a2be3,4b7a0c3cf964a520a2202fe3,within_2km,14,200,2506,29289,14,182,2184,24024
4b6929aaf964a520ad9a2be3,4bc010634cdfc9b6eb789221,within_2km,15,198,2484,28994,14,182,2184,24024
4b6929aaf964a520ad9a2be3,4bd0416e9854d13a5252f74d,within_2km,18,203,2579,29603,14,182,2184,24024
4b6929aaf964a520ad9a2be3,4e33b15962e1733d7aa4f6b8,within_2km,14,199,2494,29152,14,182,2184,24024
4b6929aaf964a520ad9a2be3,4ec74b6d775bf65c034080b5,within_2km,14,197,2472,28897,14,182,2184,24024
4b6929aaf964a520ad9a2be3,4ec8d5df7ee537da802879a4,within_2km,14,197,2472,28911,14,182,2184,24024
4b6929aaf964a520ad9a2be3,4f1548d7e4b03856f421df5e,within_2km,14,196,2456,28772,14,182,2184,24024
4b6929aaf964a520ad9a2be3,4f8e3f6ce4b0dcea356eba23,within_2km,14,199,2494,29152,14,182,2184,24024
4b6929aaf964a520ad9a2be3,4fab91a3e4b05cb20097aa45,within_2km,14,196,2454,28758,14,182,2184,24024
4b6929aaf964a520ad9a2be3,4fe3dcaae4b0d43f1f79a1af,within_2km,14,198,2484,29030,14,182,2184,24024
4b697a2ef964a520d6a32be3,4c09d81c6071a593e6bade32,within_2km,3,4,1,1,2,2,1,1
4b697a2ef964a520d6a32be3,4c39bf961e06d13adc0b7a3e,within_2km,2,3,4,2,2,2,2,1
4b697a2ef964a520d6a32be3,4e6ae546b0fb8b8a846af7b1,within_2km,2,4,4,2,2,2,2,1
4b6a851bf964a52093d72be3,4b7520b8f964a520b6fe2de3,within_2km,16,304,4674,67236,16,240,3360,43680
4b6a851bf964a52093d72be3,4b91b2e9f964a520c9d033e3,within_2km,20,281,4297,62260,16,240,3360,43680
4b6a851bf964a52093d72be3,4bb596022ea1952114a4aa2f,within_2km,16,279,4235,61697,16,240,3360,43680
4b6a851bf964a52093d72be3,4c56628e30d82d7f9490d762,within_2km,16,278,4220,61470,16,240,3360,43680
4b6a851bf964a52093d72be3,4d32a9c2b60937042bc8f9df,within_2km,3,65,913,14405,3,51,780,11361
4b6a851bf964a52093d72be3,4d3a7f9317312c0fc7e629f2,within_2km,16,278,4220,61470,16,240,3360,43680
4b6a851bf964a52093d72be3,4dd3951cd22dc96be80944d4,within_2km,19,315,4878,69429,16,240,3360,43680
4b6a851bf964a52093d72be3,4e13d537b61c18a826fcd777,within_2km,16,279,4241,61720,16,240,3360,43680
4b6a851bf964a52093d72be3,4e910f436d8615aa713956d3,within_2km,20,301,4639,66583,16,240,3360,43680
4b6a851bf964a52093d72be3,4eb3c2e3469073bbc565879d,within_2km,16,278,4220,61470,16,240,3360,43680
4b6a851bf964a52093d72be3,4f533277e4b036244b07dbd3,within_2km,16,281,4268,62110,16,240,3360,43680
4b6acb5df964a520a0e02be3,4c14b3e5a5eb76b0a924c2b7,within_2km,0,0,0,0,0,0,0,0
4b6bc201f964a5208f172ce3,4b90ffe3f964a520729e33e3,within_2km,3,4,2,4,2,2,2,3
4b6d2fe6f964a520976a2ce3,4c3d8a4f15cb1b8d040b7cdc,within_2km,1,0,0,0,1,0,0,0
4b6d2fe6f964a520976a2ce3,4d5769a2de8f6dcbcd91fe90,within_2km,1,0,0,0,1,0,0,0
4b739b04f964a520b7b52de3,4d8575a9509137043cbd975b,within_2km,2,3,1,0,2,2,1,0
4b739b04f964a520b7b52de3,4df30577b61cbd3ec019ddb8,within_2km,2,3,1,4,2,2,1,3
4b7520b8f964a520b6fe2de3,4b91b2e9f964a520c9d033e3,within_2km,16,277,4227,61266,16,240,3360,43680
4b7520b8f964a520b6fe2de3,4bb596022ea1952114a4aa2f,within_2km,16,267,4077,59033,16,240,3360,43680
4b7520b8f964a520b6fe2de3,4c56628e30d82d7f9490d762,within_2km,16,266,4064,58829,16,240,3360,43680
4b7520b8f964a520b6fe2de3,4d3a7f9317312c0fc7e629f2,within_2km,16,266,4064,58829,16,240,3360,43680
4b7520b8f964a520b6fe2de3,4dd3951cd22dc96be80944d4,within_2km,22,297,4543,64946,16,240,3360,43680
4b7520b8f964a520b6fe2de3,4e13d537b61c18a826fcd777,within_2km,16,267,4078,59066,16,240,3360,43680
4b7520b8f964a520b6fe2de3,4e910f436d8615aa713956d3,within_2km,21,287,4389,63190,16,240,3360,43680
4b7520b8f964a520b6fe2de3,4eb3c2e3469073bbc565879d,within_2km,16,266,4064,58829,16,240,3360,43680
4b7520b8f964a520b6fe2de3,4f533277e4b036244b07dbd3,within_2km,16,269,4117,59418,16,240,3360,43680
4b76624df964a520594a2ee3,4b95c4c8f964a5209bb234e3,within_2km,1,4,4,1,1,2,2,1
4b76624df964a520594a2ee3,4ba61ca4f964a5207c3439e3,within_2km,3,2,0,3,1,2,0,2
4b77a99ff964a52002a62ee3,4c456aeff0bdd13aa2e5cacc,within_2km,1,0,1,0,1,0,1,0
4b7a0c3cf964a520a2202fe3,4bc010634cdfc9b6eb789221,within_2km,14,190,2389,27808,14,182,2184,24024
4b7a0c3cf964a520a2202fe3,4bd0416e9854d13a5252f74d,within_2km,14,201,2517,29276,14,182,2184,24024
4b7a0c3cf964a520a2202fe3,4e33b15962e1733d7aa4f6b8,within_2km,15,187,2353,27395,14,182,2184,24024
4b7a0c3cf964a520a2202fe3,4ec74b6d775bf65c034080b5,within_2km,14,187,2356,27441,14,182,2184,24024
4b7a0c3cf964a520a2202fe3,4ec8d5df7ee537da802879a4,within_2km,14,187,2357,27444,14,182,2184,24024
4b7a0c3cf964a520a2202fe3,4f1548d7e4b03856f421df5e,within_2km,14,186,2344,27309,14,182,2184,24024
4b7a0c3cf964a520a2202fe3,4f8e3f6ce4b0dcea356eba23,within_2km,15,187,2353,27395,14,182,2184,24024
4b7a0c3cf964a520a2202fe3,4fab91a3e4b05cb20097aa45,within_2km,14,186,2344,27296,14,182,2184,24024
4b7a0c3cf964a520a2202fe3,4fe3dcaae4b0d43f1f79a1af,within_2km,14,188,2368,27566,14,182,2184,24024
4b7af3d1f964a520e3472fe3,4b7e29e5f964a520ebe42fe3,within_2km,34,550,11644,225395,22,462,9240,175560
4b7af3d1f964a520e3472fe3,4b88c6bbf964a520000d32e3,within_2km,28,534,11052,218417,22,462,9240,175560
4b7af3d1f964a520e3472fe3,4bd962602e6f0f4780610a08,within_2km,25,542,11257,221917,22,462,9240,175560
4b7af3d1f964a520e3472fe3,4c62336158810f4723d2061e,within_2km,24,535,11048,218843,22,462,9240,175560
4b7af3d1f964a520e3472fe3,4d32911b5017a093aae54a9b,within_2km,22,531,10954,217225,22,462,9240,175560
4b7af3d1f964a520e3472fe3,4d526ef4e02754816d6eb4b6,within_2km,28,546,11471,224033,22,462,9240,175560
4b7af3d1f964a520e3472fe3,4df4798c14954f21cf31ea8c,within_2km,22,531,10945,217216,22,462,9240,175560
4b7af3d1f964a520e3472fe3,4e12ff58483bee47ff3f2676,within_2km,22,530,10920,216794,22,462,9240,175560
4b7af3d1f964a520e3472fe3,4e648c7a8877954de9170315,within_2km,22,530,10920,216794,22,462,9240,175560
4b7af3d1f964a520e3472fe3,4eaa005f29c2152deb268308,within_2km,22,531,10946,217269,22,462,9240,175560
4b7af3d1f964a520e3472fe3,4ef564018231c11154cb0744,within_2km,22,530,10920,216794,22,462,9240,175560
4b7af3d1f964a520e3472fe3,4f66d6ece4b0eae10c7bafee,within_2km,23,532,11003,217862,22,462,9240,175560
4b7af3d1f964a520e3472fe3,4f6bd465e4b0600330d4066c,within_2km,22,530,10923,216794,22,462,9240,175560
4b7af3d1f964a520e3472fe3,4fab974be4b05cb200996955,within_2km,22,532,10977,217642,22,462,9240,175560
4b7af3d1f964a520e3472fe3,4ff147c5e4b05cede0ddeddc,within_2km,22,532,10980,217714,22,462,9240,175560
4b7bc5d9f964a520996d2fe3,4c4bff47bad7a5939ee1a0ac,within_2km,2,0,1,4,1,0,1,4
4b7e29e5f964a520ebe42fe3,4b88c6bbf964a520000d32e3,within_2km,23,520,10834,213802,22,462,9240,175560
4b7e29e5f964a520ebe42fe3,4bd962602e6f0f4780610a08,within_2km,23,522,10864,214675,22,462,9240,175560
4b7e29e5f964a520ebe42fe3,4c62336158810f4723d2061e,within_2km,23,513,10634,210918,22,462,9240,175560
4b7e29e5f964a520ebe42fe3,4d32911b5017a093aae54a9b,within_2km,23,505,10445,207737,22,462,9240,175560
4b7e29e5f964a520ebe42fe3,4d526ef4e02754816d6eb4b6,within_2km,24,530,11121,218303,22,462,9240,175560
4b7e29e5f964a520ebe42fe3,4df4798c14954f21cf31ea8c,within_2km,22,507,10486,208546,22,462,9240,175560
4b7e29e5f964a520ebe42fe3,4e12ff58483bee47ff3f2676,within_2km,22,506,10464,208139,22,462,9240,175560
4b7e29e5f964a520ebe42fe3,4e648c7a8877954de9170315,within_2km,22,506,10464,208139,22,462,9240,175560
4b7e29e5f964a520ebe42fe3,4eaa005f29c2152deb268308,within_2km,22,507,10492,208570,22,462,9240,175560
4b7e29e5f964a520ebe42fe3,4ef564018231c11154cb0744,within_2km,22,506,10464,208139,22,462,9240,175560
4b7e29e5f964a520ebe42fe3,4f66d6ece4b0eae10c7bafee,within_2km,22,510,10584,209937,22,462,9240,175560
4b7e29e5f964a520ebe42fe3,4f6bd465e4b0600330d4066c,within_2km,22,506,10465,208143,22,462,9240,175560
4b7e29e5f964a520ebe42fe3,4fab974be4b05cb200996955,within_2km,23,506,10469,208126,22,462,9240,175560
4b7e29e5f964a520ebe42fe3,4ff147c5e4b05cede0ddeddc,within_2km,22,508,10512,209019,22,462,9240,175560
4b7f593ff964a5201d2930e3,4bc04e402a89ef3bd45cf088,within_2km,13,157,1739,17875,12,132,1320,13200
4b7f593ff964a5201d2930e3,4cc7a93e5b7aa14334aa307d,within_2km,12,146,1638,16806,12,132,1320,13200
4b7f593ff964a5201d2930e3,4d148b7c6d1037040f3122bd,within_2km,13,153,1698,17312,12,132,1320,13200
4b7f593ff964a5201d2930e3,4e4cedde18a822288dd822ed,within_2km,13,154,1708,17381,12,132,1320,13200
4b7f593ff964a5201d2930e3,4e4cfe4718388d49816f02a9,within_2km,13,149,1669,17146,12,132,1320,13200
4b7f593ff964a5201d2930e3,4f081a44e4b06fab19031bcb,within_2km,13,152,1687,17196,12,132,1320,13200
4b7f593ff964a5201d2930e3,4f5c13fee4b086681bb56c4f,within_2km,13,153,1697,17313,12,132,1320,13200
4b7f593ff964a5201d2930e3,4f7f9ceae4b023c637e055ec,within_2km,13,159,1760,18025,12,132,1320,13200
4b875774f964a52040bc31e3,4bd91f570115c9b63b8b7680,within_2km,3,5,6,14,2,4,3,14
4b88c6bbf964a520000d32e3,4bd962602e6f0f4780610a08,within_2km,22,496,10306,204199,22,462,9240,175560
4b88c6bbf964a520000d32e3,4c62336158810f4723d2061e,within_2km,23,485,10080,199845,22,462,9240,175560
4b88c6bbf964a520000d32e3,4d32911b5017a093aae54a9b,within_2km,22,479,9952,197610,22,462,9240,175560
4b88c6bbf964a520000d32e3,4d526ef4e02754816d6eb4b6,within_2km,23,504,10482,207566,22,462,9240,175560
4b88c6bbf964a520000d32e3,4df4798c14954f21cf31ea8c,within_2km,22,479,9951,197585,22,462,9240,175560
4b88c6bbf964a520000d32e3,4e12ff58483bee47ff3f2676,within_2km,22,478,9932,197197,22,462,9240,175560
4b88c6bbf964a520000d32e3,4e648c7a8877954de9170315,within_2km,22,478,9932,197197,22,462,9240,175560
4b88c6bbf964a520000d32e3,4eaa005f29c2152deb268308,within_2km,22,479,9953,197601,22,462,9240,175560
4b88c6bbf964a520000d32e3,4ef564018231c11154cb0744,within_2km,22,478,9932,197197,22,462,9240,175560
4b88c6bbf964a520000d32e3,4f66d6ece4b0eae10c7bafee,within_2km,22,482,10014,198877,22,462,9240,175560
4b88c6bbf964a520000d32e3,4f6bd465e4b0600330d4066c,within_2km,22,478,9932,197203,22,462,9240,175560
4b88c6bbf964a520000d32e3,4fab974be4b05cb200996955,within_2km,22,480,9974,197985,22,462,9240,175560
4b88c6bbf964a520000d32e3,4ff147c5e4b05cede0ddeddc,within_2km,22,480,9971,198008,22,462,9240,175560
4b91b2e9f964a520c9d033e3,4bb596022ea1952114a4aa2f,within_2km,16,252,3882,56282,16,240,3360,43680
4b91b2e9f964a520c9d033e3,4c56628e30d82d7f9490d762,within_2km,16,251,3869,56097,16,240,3360,43680
4b91b2e9f964a520c9d033e3,4d32a9c2b60937042bc8f9df,within_2km,3,53,859,13360,3,51,780,11361
4b91b2e9f964a520c9d033e3,4d3a7f9317312c0fc7e629f2,within_2km,16,251,3869,56097,16,240,3360,43680
4b91b2e9f964a520c9d033e3,4dd3951cd22dc96be80944d4,within_2km,17,292,4437,64115,16,240,3360,43680
4b91b2e9f964a520c9d033e3,4e13d537b61c18a826fcd777,within_2km,16,252,3884,56312,16,240,3360,43680
4b91b2e9f964a520c9d033e3,4e910f436d8615aa713956d3,within_2km,16,282,4314,62329,16,240,3360,43680
4b91b2e9f964a520c9d033e3,4eb3c2e3469073bbc565879d,within_2km,16,251,3869,56097,16,240,3360,43680
4b91b2e9f964a520c9d033e3,4f533277e4b036244b07dbd3,within_2km,16,254,3910,56677,16,240,3360,43680
4b95c4c8f964a5209bb234e3,4ba61ca4f964a5207c3439e3,within_2km,3,2,1,3,1,2,1,3
4bb596022ea1952114a4aa2f,4c56628e30d82d7f9490d762,within_2km,16,241,3739,54098,16,240,3360,43680
4bb596022ea1952114a4aa2f,4d3a7f9317312c0fc7e629f2,within_2km,16,241,3739,54098,16,240,3360,43680
4bb596022ea1952114a4aa2f,4dd3951cd22dc96be80944d4,within_2km,16,284,4300,62198,16,240,3360,43680
4bb596022ea1952114a4aa2f,4e13d537b61c18a826fcd777,within_2km,17,240,3724,53938,16,240,3360,43680
4bb596022ea1952114a4aa2f,4e910f436d8615aa713956d3,within_2km,16,272,4142,60095,16,240,3360,43680
4bb596022ea1952114a4aa2f,4eb3c2e3469073bbc565879d,within_2km,16,241,3739,54098,16,240,3360,43680
4bb596022ea1952114a4aa2f,4f533277e4b036244b07dbd3,within_2km,16,244,3778,54654,16,240,3360,43680
4bb6ddd61344b71328309e04,4c52e2429426c9286b97ee75,within_2km,2,0,0,0,1,0,0,0
4bb6ddd61344b71328309e04,4ca927a744a8224b65201f40,within_2km,1,1,0,0,1,1,0,0
4bb6ddd61344b71328309e04,4d44f7491ed56dcb0c3bb654,within_2km,0,0,0,0,0,0,0,0
4bc010634cdfc9b6eb789221,4bd0416e9854d13a5252f74d,within_2km,15,199,2495,28974,14,182,2184,24024
4bc010634cdfc9b6eb789221,4e33b15962e1733d7aa4f6b8,within_2km,14,189,2378,27678,14,182,2184,24024
4bc010634cdfc9b6eb789221,4ec74b6d775bf65c034080b5,within_2km,14,187,2356,27452,14,182,2184,24024
4bc010634cdfc9b6eb789221,4ec8d5df7ee537da802879a4,within_2km,14,187,2356,27457,14,182,2184,24024
4bc010634cdfc9b6eb789221,4f1548d7e4b03856f421df5e,within_2km,14,186,2344,27321,14,182,2184,24024
4bc010634cdfc9b6eb789221,4f8e3f6ce4b0dcea356eba23,within_2km,14,189,2378,27678,14,182,2184,24024
4bc010634cdfc9b6eb789221,4fab91a3e4b05cb20097aa45,within_2km,14,186,2344,27307,14,182,2184,24024
4bc010634cdfc9b6eb789221,4fe3dcaae4b0d43f1f79a1af,within_2km,14,188,2367,27580,14,182,2184,24024
4bc04e402a89ef3bd45cf088,4cc7a93e5b7aa14334aa307d,within_2km,12,149,1667,17291,12,132,1320,13200
4bc04e402a89ef3bd45cf088,4d148b7c6d1037040f3122bd,within_2km,13,156,1731,17795,12,132,1320,13200
4bc04e402a89ef3bd45cf088,4e4cedde18a822288dd822ed,within_2km,13,157,1740,17881,12,132,1320,13200
4bc04e402a89ef3bd45cf088,4e4cfe4718388d49816f02a9,within_2km,12,154,1726,17869,12,132,1320,13200
4bc04e402a89ef3bd45cf088,4f081a44e4b06fab19031bcb,within_2km,13,155,1719,17672,12,132,1320,13200
4bc04e402a89ef3bd45cf088,4f5c13fee4b086681bb56c4f,within_2km,13,156,1734,17783,12,132,1320,13200
4bc04e402a89ef3bd45cf088,4f7f9ceae4b023c637e055ec,within_2km,14,160,1790,18402,12,132,1320,13200
4bd0416e9854d13a5252f74d,4e33b15962e1733d7aa4f6b8,within_2km,14,200,2504,29141,14,182,2184,24024
4bd0416e9854d13a5252f74d,4ec74b6d775bf65c034080b5,within_2km,14,198,2482,28884,14,182,2184,24024
4bd0416e9854d13a5252f74d,4ec8d5df7ee537da802879a4,within_2km,14,198,2482,28898,14,182,2184,24024
4bd0416e9854d13a5252f74d,4f1548d7e4b03856f421df5e,within_2km,14,197,2465,28756,14,182,2184,24024
4bd0416e9854d13a5252f74d,4f8e3f6ce4b0dcea356eba23,within_2km,14,200,2504,29141,14,182,2184,24024
4bd0416e9854d13a5252f74d,4fab91a3e4b05cb20097aa45,within_2km,14,197,2465,28743,14,182,2184,24024
4bd0416e9854d13a5252f74d,4fe3dcaae4b0d43f1f79a1af,within_2km,14,199,2495,29017,14,182,2184,24024
4bd962602e6f0f4780610a08,4c62336158810f4723d2061e,within_2km,22,489,10156,201358,22,462,9240,175560
4bd962602e6f0f4780610a08,4d32911b5017a093aae54a9b,within_2km,22,481,9990,198295,22,462,9240,175560
4bd962602e6f0f4780610a08,4d526ef4e02754816d6eb4b6,within_2km,23,506,10524,208351,22,462,9240,175560
4bd962602e6f0f4780610a08,4df4798c14954f21cf31ea8c,within_2km,22,481,9992,198261,22,462,9240,175560
4bd962602e6f0f4780610a08,4e12ff58483bee47ff3f2676,within_2km,22,480,9970,197880,22,462,9240,175560
4bd962602e6f0f4780610a08,4e648c7a8877954de9170315,within_2km,22,480,9970,197880,22,462,9240,175560
4bd962602e6f0f4780610a08,4eaa005f29c2152deb268308,within_2km,22,481,9990,198292,22,462,9240,175560
4bd962602e6f0f4780610a08,4ef564018231c11154cb0744,within_2km,22,480,9970,197880,22,462,9240,175560
4bd962602e6f0f4780610a08,4f66d6ece4b0eae10c7bafee,within_2km,22,484,10060,199562,22,462,9240,175560
4bd962602e6f0f4780610a08,4f6bd465e4b0600330d4066c,within_2km,22,480,9970,197886,22,462,9240,175560
4bd962602e6f0f4780610a08,4fab974be4b05cb200996955,within_2km,22,482,10010,198677,22,462,9240,175560
4bd962602e6f0f4780610a08,4ff147c5e4b05cede0ddeddc,within_2km,22,482,10012,198692,22,462,9240,175560
4be7e5c588ed2d7faf2dcb1d,4c25bf82f1272d7f026185c5,within_2km,1,0,0,4,1,0,0,3
4be7e5c588ed2d7faf2dcb1d,4e4cfe4718388d49816f02a9,within_2km,1,4,52,647,1,2,31,375
4c09d81c6071a593e6bade32,4c39bf961e06d13adc0b7a3e,within_2km,2,4,3,2,2,2,2,1
4c09d81c6071a593e6bade32,4e6ae546b0fb8b8a846af7b1,within_2km,3,3,2,1,2,2,2,1
4c1b527463750f475aa2b467,4d32a9c2b60937042bc8f9df,within_2km,7,33,172,976,6,30,120,440
4c1b527463750f475aa2b467,4d577b04e319a1cdeb420534,within_2km,6,36,192,985,6,30,120,440
4c1b527463750f475aa2b467,4ecf58f061af476c0748a1c2,within_2km,7,37,181,882,6,30,120,440
4c39bf961e06d13adc0b7a3e,4e6ae546b0fb8b8a846af7b1,within_2km,2,3,3,3,2,2,2,1
4c3d8a4f15cb1b8d040b7cdc,4d5769a2de8f6dcbcd91fe90,within_2km,1,0,0,0,1,0,0,0
4c52e2429426c9286b97ee75,4ca927a744a8224b65201f40,within_2km,1,1,0,0,1,1,0,0
4c56628e30d82d7f9490d762,4d3a7f9317312c0fc7e629f2,within_2km,16,240,3726,53928,16,240,3360,43680
4c56628e30d82d7f9490d762,4dd3951cd22dc96be80944d4,within_2km,16,283,4285,61977,16,240,3360,43680
4c56628e30d82d7f9490d762,4e13d537b61c18a826fcd777,within_2km,16,241,3739,54131,16,240,3360,43680
4c56628e30d82d7f9490d762,4e910f436d8615aa713956d3,within_2km,16,271,4129,59882,16,240,3360,43680
4c56628e30d82d7f9490d762,4eb3c2e3469073bbc565879d,within_2km,16,240,3726,53928,16,240,3360,43680
4c56628e30d82d7f9490d762,4f533277e4b036244b07dbd3,within_2km,16,243,3765,54481,16,240,3360,43680
4c62336158810f4723d2061e,4d32911b5017a093aae54a9b,within_2km,22,472,9820,194843,22,462,9240,175560
4c62336158810f4723d2061e,4d526ef4e02754816d6eb4b6,within_2km,22,499,10357,205541,22,462,9240,175560
4c62336158810f4723d2061e,4df4798c14954f21cf31ea8c,within_2km,22,472,9819,194816,22,462,9240,175560
4c62336158810f4723d2061e,4e12ff58483bee47ff3f2676,within_2km,22,471,9799,194438,22,462,9240,175560
4c62336158810f4723d2061e,4e648c7a8877954de9170315,within_2km,22,471,9799,194438,22,462,9240,175560
4c62336158810f4723d2061e,4eaa005f29c2152deb268308,within_2km,22,472,9819,194838,22,462,9240,175560
4c62336158810f4723d2061e,4ef564018231c11154cb0744,within_2km,22,471,9799,194438,22,462,9240,175560
4c62336158810f4723d2061e,4f66d6ece4b0eae10c7bafee,within_2km,22,475,9878,196099,22,462,9240,175560
4c62336158810f4723d2061e,4f6bd465e4b0600330d4066c,within_2km,22,471,9799,194444,22,462,9240,175560
4c62336158810f4723d2061e,4fab974be4b05cb200996955,within_2km,22,473,9840,195215,22,462,9240,175560
4c62336158810f4723d2061e,4ff147c5e4b05cede0ddeddc,within_2km,22,473,9838,195235,22,462,9240,175560
4c9c3876d3c2b60c2f14b6bc,4cf073097e0da1cd73b78b97,within_2km,1,2,1,2,1,1,1,2
4cc7a93e5b7aa14334aa307d,4d148b7c6d1037040f3122bd,within_2km,12,145,1628,16744,12,132,1320,13200
4cc7a93e5b7aa14334aa307d,4e4cedde18a822288dd822ed,within_2km,13,144,1618,16600,12,132,1320,13200
4cc7a93e5b7aa14334aa307d,4e4cfe4718388d49816f02a9,within_2km,13,140,1575,16338,12,132,1320,13200
4cc7a93e5b7aa14334aa307d,4f081a44e4b06fab19031bcb,within_2km,12,144,1619,16628,12,132,1320,13200
4cc7a93e5b7aa14334aa307d,4f5c13fee4b086681bb56c4f,within_2km,12,145,1628,16740,12,132,1320,13200
4cc7a93e5b7aa14334aa307d,4f7f9ceae4b023c637e055ec,within_2km,12,151,1685,17433,12,132,1320,13200
4cce8b9e2dc437044415d508,4d8575a9509137043cbd975b,within_2km,0,1,3,12,0,1,3,8
4d148b7c6d1037040f3122bd,4e4cedde18a822288dd822ed,within_2km,13,153,1698,17311,12,132,1320,13200
4d148b7c6d1037040f3122bd,4e4cfe4718388d49816f02a9,within_2km,12,150,1683,17284,12,132,1320,13200
4d148b7c6d1037040f3122bd,4f081a44e4b06fab19031bcb,within_2km,13,151,1678,17124,12,132,1320,13200
4d148b7c6d1037040f3122bd,4f5c13fee4b086681bb56c4f,within_2km,13,152,1688,17240,12,132,1320,13200
4d148b7c6d1037040f3122bd,4f7f9ceae4b023c637e055ec,within_2km,13,158,1753,17942,12,132,1320,13200
4d32911b5017a093aae54a9b,4d526ef4e02754816d6eb4b6,within_2km,22,491,10183,202413,22,462,9240,175560
4d32911b5017a093aae54a9b,4df4798c14954f21cf31ea8c,within_2km,22,464,9666,191852,22,462,9240,175560
4d32911b5017a093aae54a9b,4e12ff58483bee47ff3f2676,within_2km,22,463,9647,191479,22,462,9240,175560
4d32911b5017a093aae54a9b,4e648c7a8877954de9170315,within_2km,22,463,9647,191479,22,462,9240,175560
4d32911b5017a093aae54a9b,4eaa005f29c2152deb268308,within_2km,22,464,9666,191874,22,462,9240,175560
4d32911b5017a093aae54a9b,4ef564018231c11154cb0744,within_2km,22,463,9647,191479,22,462,9240,175560
4d32911b5017a093aae54a9b,4f66d6ece4b0eae10c7bafee,within_2km,22,467,9723,193117,22,462,9240,175560
4d32911b5017a093aae54a9b,4f6bd465e4b0600330d4066c,within_2km,22,463,9647,191485,22,462,9240,175560
4d32911b5017a093aae54a9b,4fab974be4b05cb200996955,within_2km,22,465,9686,192245,22,462,9240,175560
4d32911b5017a093aae54a9b,4ff147c5e4b05cede0ddeddc,within_2km,22,465,9685,192263,22,462,9240,175560
4d32a9c2b60937042bc8f9df,4d577b04e319a1cdeb420534,within_2km,6,39,198,1481,6,30,120,464
4d32a9c2b60937042bc8f9df,4ecf58f061af476c0748a1c2,within_2km,6,36,190,1015,6,30,120,440
4d3a7f9317312c0fc7e629f2,4dd3951cd22dc96be80944d4,within_2km,16,283,4285,61977,16,240,3360,43680
4d3a7f9317312c0fc7e629f2,4e13d537b61c18a826fcd777,within_2km,16,241,3739,54131,16,240,3360,43680
4d3a7f9317312c0fc7e629f2,4e910f436d8615aa713956d3,within_2km,16,271,4129,59882,16,240,3360,43680
4d3a7f9317312c0fc7e629f2,4eb3c2e3469073bbc565879d,within_2km,16,240,3726,53928,16,240,3360,43680
4d3a7f9317312c0fc7e629f2,4f533277e4b036244b07dbd3,within_2km,16,243,3765,54481,16,240,3360,43680
4d526ef4e02754816d6eb4b6,4df4798c14954f21cf31ea8c,within_2km,22,491,10183,202381,22,462,9240,175560
4d526ef4e02754816d6eb4b6,4e12ff58483bee47ff3f2676,within_2km,22,490,10160,201993,22,462,9240,175560
4d526ef4e02754816d6eb4b6,4e648c7a8877954de9170315,within_2km,22,490,10160,201993,22,462,9240,175560
4d526ef4e02754816d6eb4b6,4eaa005f29c2152deb268308,within_2km,22,491,10183,202419,22,462,9240,175560
4d526ef4e02754816d6eb4b6,4ef564018231c11154cb0744,within_2km,22,490,10160,201993,22,462,9240,175560
4d526ef4e02754816d6eb4b6,4f66d6ece4b0eae10c7bafee,within_2km,22,494,10266,203745,22,462,9240,175560
4d526ef4e02754816d6eb4b6,4f6bd465e4b0600330d4066c,within_2km,22,490,10160,201999,22,462,9240,175560
4d526ef4e02754816d6eb4b6,4fab974be4b05cb200996955,within_2km,22,492,10202,202804,22,462,9240,175560
4d526ef4e02754816d6eb4b6,4ff147c5e4b05cede0ddeddc,within_2km,23,490,10166,202022,22,462,9240,175560
4d577b04e319a1cdeb420534,4ecf58f061af476c0748a1c2,within_2km,6,38,204,991,6,30,120,440
4d8575a9509137043cbd975b,4df30577b61cbd3ec019ddb8,within_2km,2,2,2,4,2,2,1,4
4db0871dfc60cfe27fb3eaad,4e65a3b9b0fb188e8f0f061f,within_2km,1,0,0,0,1,0,0,0
4dd3951cd22dc96be80944d4,4e13d537b61c18a826fcd777,within_2km,16,284,4301,62231,16,240,3360,43680
4dd3951cd22dc96be80944d4,4e910f436d8615aa713956d3,within_2km,19,308,4751,67506,16,240,3360,43680
4dd3951cd22dc96be80944d4,4eb3c2e3469073bbc565879d,within_2km,16,283,4285,61977,16,240,3360,43680
4dd3951cd22dc96be80944d4,4f533277e4b036244b07dbd3,within_2km,17,284,4302,62188,16,240,3360,43680
4df4798c14954f21cf31ea8c,4e12ff58483bee47ff3f2676,within_2km,22,463,9647,191452,22,462,9240,175560
4df4798c14954f21cf31ea8c,4e648c7a8877954de9170315,within_2km,22,463,9647,191452,22,462,9240,175560
4df4798c14954f21cf31ea8c,4eaa005f29c2152deb268308,within_2km,22,464,9666,191847,22,462,9240,175560
4df4798c14954f21cf31ea8c,4ef564018231c11154cb0744,within_2km,22,463,9647,191452,22,462,9240,175560
4df4798c14954f21cf31ea8c,4f66d6ece4b0eae10c7bafee,within_2km,22,467,9724,193087,22,462,9240,175560
4df4798c14954f21cf31ea8c,4f6bd465e4b0600330d4066c,within_2km,22,463,9647,191458,22,462,9240,175560
4df4798c14954f21cf31ea8c,4fab974be4b05cb200996955,within_2km,22,465,9685,192221,22,462,9240,175560
4df4798c14954f21cf31ea8c,4ff147c5e4b05cede0ddeddc,within_2km,22,465,9686,192233,22,462,9240,175560
4dfdc23f8877e9c474975aa6,4ecf58f061af476c0748a1c2,within_2km,2,11,62,320,2,7,38,179
4e12ff58483bee47ff3f2676,4e648c7a8877954de9170315,within_2km,22,462,9628,191080,22,462,9240,175560
4e12ff58483bee47ff3f2676,4eaa005f29c2152deb268308,within_2km,22,463,9647,191474,22,462,9240,175560
4e12ff58483bee47ff3f2676,4ef564018231c11154cb0744,within_2km,22,462,9628,191080,22,462,9240,175560
4e12ff58483bee47ff3f2676,4f66d6ece4b0eae10c7bafee,within_2km,22,466,9704,192714,22,462,9240,175560
4e12ff58483bee47ff3f2676,4f6bd465e4b0600330d4066c,within_2km,22,462,9628,191086,22,462,9240,175560
4e12ff58483bee47ff3f2676,4fab974be4b05cb200996955,within_2km,22,464,9666,191847,22,462,9240,175560
4e12ff58483bee47ff3f2676,4ff147c5e4b05cede0ddeddc,within_2km,22,464,9666,191862,22,462,9240,175560
4e13d537b61c18a826fcd777,4e910f436d8615aa713956d3,within_2km,16,272,4145,60121,16,240,3360,43680
4e13d537b61c18a826fcd777,4eb3c2e3469073bbc565879d,within_2km,16,241,3739,54131,16,240,3360,43680
4e13d537b61c18a826fcd777,4f533277e4b036244b07dbd3,within_2km,16,244,3778,54687,16,240,3360,43680
4e33b15962e1733d7aa4f6b8,4ec74b6d775bf65c034080b5,within_2km,14,186,2345,27314,14,182,2184,24024
4e33b15962e1733d7aa4f6b8,4ec8d5df7ee537da802879a4,within_2km,14,186,2346,27317,14,182,2184,24024
4e33b15962e1733d7aa4f6b8,4f1548d7e4b03856f421df5e,within_2km,14,185,2333,27183,14,182,2184,24024
4e33b15962e1733d7aa4f6b8,4f8e3f6ce4b0dcea356eba23,within_2km,15,186,2342,27268,14,182,2184,24024
4e33b15962e1733d7aa4f6b8,4fab91a3e4b05cb20097aa45,within_2km,14,185,2333,27170,14,182,2184,24024
4e33b15962e1733d7aa4f6b8,4fe3dcaae4b0d43f1f79a1af,within_2km,14,187,2356,27441,14,182,2184,24024
4e4cedde18a822288dd822ed,4e4cfe4718388d49816f02a9,within_2km,13,150,1669,17124,12,132,1320,13200
4e4cedde18a822288dd822ed,4f081a44e4b06fab19031bcb,within_2km,13,152,1688,17191,12,132,1320,13200
4e4cedde18a822288dd822ed,4f5c13fee4b086681bb56c4f,within_2km,13,153,1698,17309,12,132,1320,13200
4e4cedde18a822288dd822ed,4f7f9ceae4b023c637e055ec,within_2km,13,159,1759,18039,12,132,1320,13200
4e4cfe4718388d49816f02a9,4f081a44e4b06fab19031bcb,within_2km,12,149,1672,17167,12,132,1320,13200
4e4cfe4718388d49816f02a9,4f5c13fee4b086681bb56c4f,within_2km,12,150,1682,17282,12,132,1320,13200
4e4cfe4718388d49816f02a9,4f7f9ceae4b023c637e055ec,within_2km,13,154,1727,17791,12,132,1320,13200
4e648c7a8877954de9170315,4eaa005f29c2152deb268308,within_2km,22,463,9647,191474,22,462,9240,175560
4e648c7a8877954de9170315,4ef564018231c11154cb0744,within_2km,22,462,9628,191080,22,462,9240,175560
4e648c7a8877954de9170315,4f66d6ece4b0eae10c7bafee,within_2km,22,466,9704,192714,22,462,9240,175560
4e648c7a8877954de9170315,4f6bd465e4b0600330d4066c,within_2km,22,462,9628,191086,22,462,9240,175560
4e648c7a8877954de9170315,4fab974be4b05cb200996955,within_2km,22,464,9666,191847,22,462,9240,175560
4e648c7a8877954de9170315,4ff147c5e4b05cede0ddeddc,within_2km,22,464,9666,191862,22,462,9240,175560
4e910f436d8615aa713956d3,4eb3c2e3469073bbc565879d,within_2km,16,271,4129,59882,16,240,3360,43680
4e910f436d8615aa713956d3,4f533277e4b036244b07dbd3,within_2km,17,272,4144,60087,16,240,3360,43680
4eaa005f29c2152deb268308,4ef564018231c11154cb0744,within_2km,22,463,9647,191474,22,462,9240,175560
4eaa005f29c2152deb268308,4f66d6ece4b0eae10c7bafee,within_2km,22,467,9725,193112,22,462,9240,175560
4eaa005f29c2152deb268308,4f6bd465e4b0600330d4066c,within_2km,22,463,9647,191480,22,462,9240,175560
4eaa005f29c2152deb268308,4fab974be4b05cb200996955,within_2km,22,465,9686,192240,22,462,9240,175560
4eaa005f29c2152deb268308,4ff147c5e4b05cede0ddeddc,within_2km,22,465,9686,192257,22,462,9240,175560
4eb3c2e3469073bbc565879d,4f533277e4b036244b07dbd3,within_2km,16,243,3765,54481,16,240,3360,43680
4ec74b6d775bf65c034080b5,4ec8d5df7ee537da802879a4,within_2km,14,184,2323,27099,14,182,2184,24024
4ec74b6d775bf65c034080b5,4f1548d7e4b03856f421df5e,within_2km,14,183,2311,26965,14,182,2184,24024
4ec74b6d775bf65c034080b5,4f8e3f6ce4b0dcea356eba23,within_2km,14,186,2345,27314,14,182,2184,24024
4ec74b6d775bf65c034080b5,4fab91a3e4b05cb20097aa45,within_2km,14,183,2311,26952,14,182,2184,24024
4ec74b6d775bf65c034080b5,4fe3dcaae4b0d43f1f79a1af,within_2km,14,185,2334,27219,14,182,2184,24024
4ec8d5df7ee537da802879a4,4f1548d7e4b03856f421df5e,within_2km,14,183,2311,26970,14,182,2184,24024
4ec8d5df7ee537da802879a4,4f8e3f6ce4b0dcea356eba23,within_2km,14,186,2346,27317,14,182,2184,24024
4ec8d5df7ee537da802879a4,4fab91a3e4b05cb20097aa45,within_2km,14,183,2311,26957,14,182,2184,24024
4ec8d5df7ee537da802879a4,4fe3dcaae4b0d43f1f79a1af,within_2km,14,185,2334,27224,14,182,2184,24024
4ef564018231c11154cb0744,4f66d6ece4b0eae10c7bafee,within_2km,22,466,9704,192714,22,462,9240,175560
4ef564018231c11154cb0744,4f6bd465e4b0600330d4066c,within_2km,22,462,9628,191086,22,462,9240,175560
4ef564018231c11154cb0744,4fab974be4b05cb200996955,within_2km,22,464,9666,191847,22,462,9240,175560
4ef564018231c11154cb0744,4ff147c5e4b05cede0ddeddc,within_2km,22,464,9666,191862,22,462,9240,175560
4f081a44e4b06fab19031bcb,4f5c13fee4b086681bb56c4f,within_2km,13,151,1679,17122,12,132,1320,13200
4f081a44e4b06fab19031bcb,4f7f9ceae4b023c637e055ec,within_2km,13,157,1737,17829,12,132,1320,13200
4f1548d7e4b03856f421df5e,4f8e3f6ce4b0dcea356eba23,within_2km,14,185,2333,27183,14,182,2184,24024
4f1548d7e4b03856f421df5e,4fab91a3e4b05cb20097aa45,within_2km,14,182,2300,26821,14,182,2184,24024
4f1548d7e4b03856f421df5e,4fe3dcaae4b0d43f1f79a1af,within_2km,14,184,2322,27089,14,182,2184,24024
4f5c13fee4b086681bb56c4f,4f7f9ceae4b023c637e055ec,within_2km,13,158,1751,17942,12,132,1320,13200
4f66d6ece4b0eae10c7bafee,4f6bd465e4b0600330d4066c,within_2km,22,466,9704,192720,22,462,9240,175560
4f66d6ece4b0eae10c7bafee,4fab974be4b05cb200996955,within_2km,22,468,9742,193489,22,462,9240,175560
4f66d6ece4b0eae10c7bafee,4ff147c5e4b05cede0ddeddc,within_2km,22,468,9745,193507,22,462,9240,175560
4f6bd465e4b0600330d4066c,4fab974be4b05cb200996955,within_2km,22,464,9666,191853,22,462,9240,175560
4f6bd465e4b0600330d4066c,4ff147c5e4b05cede0ddeddc,within_2km,22,464,9666,191868,22,462,9240,175560
4f8e3f6ce4b0dcea356eba23,4fab91a3e4b05cb20097aa45,within_2km,14,185,2333,27170,14,182,2184,24024
4f8e3f6ce4b0dcea356eba23,4fe3dcaae4b0d43f1f79a1af,within_2km,14,187,2356,27441,14,182,2184,24024
4fab91a3e4b05cb20097aa45,4fe3dcaae4b0d43f1f79a1af,within_2km,14,184,2322,27076,14,182,2184,24024
4fab974be4b05cb200996955,4ff147c5e4b05cede0ddeddc,within_2km,22,466,9704,192633,22,462,9240,175560
