item_id,title,publisher,training_ui_degree,training_ii_degree,training_item_degree
4b0587b8f964a52012a122e3,4b0587b8f964a52012a122e3,,19,17,36
4b1df53df964a520811624e3,4b1df53df964a520811624e3,,1,15,16
4b35706ff964a5202b2d25e3,4b35706ff964a5202b2d25e3,,19,14,33
4b35a0aaf964a5204a2e25e3,4b35a0aaf964a5204a2e25e3,,39,18,57
4b36cbc0f964a5209d3c25e3,4b36cbc0f964a5209d3c25e3,,2,3,5
4b49a6bef964a5202b7226e3,4b49a6bef964a5202b7226e3,,19,23,42
4b526ce7f964a520a67c27e3,4b526ce7f964a520a67c27e3,,38,14,52
4b52730af964a520da7d27e3,4b52730af964a520da7d27e3,,16,13,29
4b5542c8f964a52027e027e3,4b5542c8f964a52027e027e3,,39,23,62
4b57041cf964a520e82228e3,4b57041cf964a520e82228e3,,1,0,1
4b57171cf964a520052628e3,4b57171cf964a520052628e3,,8,2,10
4b58051ef964a520c54828e3,4b58051ef964a520c54828e3,,25,2,27
4b582d82f964a520084d28e3,4b582d82f964a520084d28e3,,31,17,48
4b5855d5f964a5204b5328e3,4b5855d5f964a5204b5328e3,,17,4,21
4b59f1ecf964a520d0a228e3,4b59f1ecf964a520d0a228e3,,3,3,6
4b5a839df964a5201fc928e3,4b5a839df964a5201fc928e3,,1,0,1
4b5a905df964a52084cb28e3,4b5a905df964a52084cb28e3,,11,15,26
4b5a9d21f964a520c6cd28e3,4b5a9d21f964a520c6cd28e3,,15,2,17
4b5a9de1f964a520edcd28e3,4b5a9de1f964a520edcd28e3,,6,2,8
4b5aa058f964a52068ce28e3,4b5aa058f964a52068ce28e3,,56,23,79
4b5aa58bf964a52048cf28e3,4b5aa58bf964a52048cf28e3,,38,15,53
4b5aa5eff964a5205ccf28e3,4b5aa5eff964a5205ccf28e3,,4,1,5
4b5aa67af964a52072cf28e3,4b5aa67af964a52072cf28e3,,7,1,8
4b5abaa5f964a52056d228e3,4b5abaa5f964a52056d228e3,,12,4,16
4b5ac0a7f964a5204bd328e3,4b5ac0a7f964a5204bd328e3,,2,1,3
4b5ad3dbf964a52065d628e3,4b5ad3dbf964a52065d628e3,,4,15,19
4b5ad6e3f964a520ecd628e3,4b5ad6e3f964a520ecd628e3,,5,0,5
4b5bad9cf964a520820f29e3,4b5bad9cf964a520820f29e3,,33,17,50
4b5bb41df964a520111129e3,4b5bb41df964a520111129e3,,49,17,66
4b5bdb89f964a520171a29e3,4b5bdb89f964a520171a29e3,,2,0,2
4b5be175f964a5206c1b29e3,4b5be175f964a5206c1b29e3,,8,1,9
4b5be59df964a520331c29e3,4b5be59df964a520331c29e3,,8,2,10
4b5be779f964a520981c29e3,4b5be779f964a520981c29e3,,5,2,7
4b5beeb7f964a520d61d29e3,4b5beeb7f964a520d61d29e3,,33,18,51
4b5bf603f964a520171f29e3,4b5bf603f964a520171f29e3,,12,3,15
4b5bfab8f964a520e91f29e3,4b5bfab8f964a520e91f29e3,,13,23,36
4b5bfd03f964a520462029e3,4b5bfd03f964a520462029e3,,8,23,31
4b5c0be8f964a520562229e3,4b5c0be8f964a520562229e3,,26,7,33
4b5c0fe0f964a520d62229e3,4b5c0fe0f964a520d62229e3,,96,15,111
4b5c11a5f964a520382329e3,4b5c11a5f964a520382329e3,,4,7,11
4b5d6871f964a5201d5c29e3,4b5d6871f964a5201d5c29e3,,11,8,19
4b5e654bf964a520fa8c29e3,4b5e654bf964a520fa8c29e3,,21,0,21
4b5e9e59f964a5201c9429e3,4b5e9e59f964a5201c9429e3,,9,4,13
4b600f20f964a52087d429e3,4b600f20f964a52087d429e3,,14,1,15
4b6036e1f964a5204dda29e3,4b6036e1f964a5204dda29e3,,7,14,21
4b6154f1f964a52056102ae3,4b6154f1f964a52056102ae3,,13,17,30
4b6170d8f964a520a7132ae3,4b6170d8f964a520a7132ae3,,32,14,46
4b624c63f964a52003412ae3,4b624c63f964a52003412ae3,,7,2,9
4b62da14f964a5208c552ae3,4b62da14f964a5208c552ae3,,17,23,40
4b62f3ddf964a5207f5a2ae3,4b62f3ddf964a5207f5a2ae3,,1,0,1
4b63ca9ef964a520c5912ae3,4b63ca9ef964a520c5912ae3,,30,23,53
4b63e2c1f964a520c0952ae3,4b63e2c1f964a520c0952ae3,,3,11,14
4b63eb4ff964a52015972ae3,4b63eb4ff964a52015972ae3,,13,23,36
4b63f798f964a52028992ae3,4b63f798f964a52028992ae3,,19,9,28
4b651198f964a5208ee22ae3,4b651198f964a5208ee22ae3,,22,3,25
4b651361f964a520f5e22ae3,4b651361f964a520f5e22ae3,,4,1,5
4b651b5df964a52079e42ae3,4b651b5df964a52079e42ae3,,12,0,12
4b652cfff964a5209ee72ae3,4b652cfff964a5209ee72ae3,,2,4,6
4b65817ef964a520bdf22ae3,4b65817ef964a520bdf22ae3,,5,1,6
4b67d1a8f964a520795e2be3,4b67d1a8f964a520795e2be3,,10,3,13
4b68dccdf964a520a0902be3,4b68dccdf964a520a0902be3,,5,4,9
4b68ee86f964a520c4932be3,4b68ee86f964a520c4932be3,,1,1,2
4b68f365f964a5208a942be3,4b68f365f964a5208a942be3,,8,4,12
4b690990f964a52098972be3,4b690990f964a52098972be3,,5,3,8
4b690d8ef964a520ff972be3,4b690d8ef964a520ff972be3,,5,3,8
4b6929aaf964a520ad9a2be3,4b6929aaf964a520ad9a2be3,,28,15,43
4b697a2ef964a520d6a32be3,4b697a2ef964a520d6a32be3,,9,3,12
4b6a851bf964a52093d72be3,4b6a851bf964a52093d72be3,,31,18,49
4b6acb5df964a520a0e02be3,4b6acb5df964a520a0e02be3,,2,1,3
4b6bc201f964a5208f172ce3,4b6bc201f964a5208f172ce3,,1,3,4
4b6c9fc7f964a5206b472ce3,4b6c9fc7f964a5206b472ce3,,21,0,21
4b6d2fe6f964a520976a2ce3,4b6d2fe6f964a520976a2ce3,,3,2,5
4b6f9ee6f964a5202af82ce3,4b6f9ee6f964a5202af82ce3,,40,0,40
4b701193f964a520c9052de3,4b701193f964a520c9052de3,,2,0,2
4b71176af964a5207a392de3,4b71176af964a5207a392de3,,6,0,6
4b739b04f964a520b7b52de3,4b739b04f964a520b7b52de3,,5,3,8
4b7520b8f964a520b6fe2de3,4b7520b8f964a520b6fe2de3,,20,17,37
4b76624df964a520594a2ee3,4b76624df964a520594a2ee3,,6,2,8
4b77a99ff964a52002a62ee3,4b77a99ff964a52002a62ee3,,2,1,3
4b7a0c3cf964a520a2202fe3,4b7a0c3cf964a520a2202fe3,,2,15,17
4b7a66d4f964a520dd2b2fe3,4b7a66d4f964a520dd2b2fe3,,5,1,6
4b7af3d1f964a520e3472fe3,4b7af3d1f964a520e3472fe3,,92,23,115
4b7bc5d9f964a520996d2fe3,4b7bc5d9f964a520996d2fe3,,12,1,13
4b7e29e5f964a520ebe42fe3,4b7e29e5f964a520ebe42fe3,,39,23,62
4b7f593ff964a5201d2930e3,4b7f593ff964a5201d2930e3,,3,14,17
4b7f9ce7f964a520b33630e3,4b7f9ce7f964a520b33630e3,,2,0,2
4b84bfbdf964a520144331e3,4b84bfbdf964a520144331e3,,1,0,1
4b875774f964a52040bc31e3,4b875774f964a52040bc31e3,,5,2,7
4b88c6bbf964a520000d32e3,4b88c6bbf964a520000d32e3,,16,23,39
4b8a22c0f964a5207b6132e3,4b8a22c0f964a5207b6132e3,,2,0,2
4b8e297bf964a520ff1933e3,4b8e297bf964a520ff1933e3,,1,4,5
4b90ffe3f964a520729e33e3,4b90ffe3f964a520729e33e3,,10,3,13
4b91b2e9f964a520c9d033e3,4b91b2e9f964a520c9d033e3,,11,18,29
4b95c4c8f964a5209bb234e3,4b95c4c8f964a5209bb234e3,,3,2,5
4ba5cae4f964a520962239e3,4ba5cae4f964a520962239e3,,10,0,10
4ba61ca4f964a5207c3439e3,4ba61ca4f964a5207c3439e3,,7,2,9
4bb31756715eef3b15ee85bb,4bb31756715eef3b15ee85bb,,1,0,1
4bb596022ea1952114a4aa2f,4bb596022ea1952114a4aa2f,,4,17,21
4bb6ddd61344b71328309e04,4bb6ddd61344b71328309e04,,2,3,5
4bc010634cdfc9b6eb789221,4bc010634cdfc9b6eb789221,,3,15,18
4bc04e402a89ef3bd45cf088,4bc04e402a89ef3bd45cf088,,18,14,32
4bd0416e9854d13a5252f74d,4bd0416e9854d13a5252f74d,,14,15,29
4bd3d1909854d13a65bffe4d,4bd3d1909854d13a65bffe4d,,1,0,1
4bd91f570115c9b63b8b7680,4bd91f570115c9b63b8b7680,,3,2,5
4bd962602e6f0f4780610a08,4bd962602e6f0f4780610a08,,13,23,36
4be7e5c588ed2d7faf2dcb1d,4be7e5c588ed2d7faf2dcb1d,,2,4,6
4be81b324485d13ad40294ee,4be81b324485d13ad40294ee,,7,0,7
4c09d81c6071a593e6bade32,4c09d81c6071a593e6bade32,,6,4,10
4c14b3e5a5eb76b0a924c2b7,4c14b3e5a5eb76b0a924c2b7,,2,1,3
4c1b527463750f475aa2b467,4c1b527463750f475aa2b467,,11,7,18
4c25bf82f1272d7f026185c5,4c25bf82f1272d7f026185c5,,2,2,4
4c39bf961e06d13adc0b7a3e,4c39bf961e06d13adc0b7a3e,,1,3,4
4c3d8a4f15cb1b8d040b7cdc,4c3d8a4f15cb1b8d040b7cdc,,1,2,3
4c456aeff0bdd13aa2e5cacc,4c456aeff0bdd13aa2e5cacc,,3,1,4
4c4bff47bad7a5939ee1a0ac,4c4bff47bad7a5939ee1a0ac,,3,1,4
4c52e2429426c9286b97ee75,4c52e2429426c9286b97ee75,,1,2,3
4c56628e30d82d7f9490d762,4c56628e30d82d7f9490d762,,3,17,20
4c62336158810f4723d2061e,4c62336158810f4723d2061e,,3,23,26
4c78a007df08a1cddf47d85d,4c78a007df08a1cddf47d85d,,2,0,2
4c9c3876d3c2b60c2f14b6bc,4c9c3876d3c2b60c2f14b6bc,,3,2,5
4ca927a744a8224b65201f40,4ca927a744a8224b65201f40,,1,2,3
4cc7a93e5b7aa14334aa307d,4cc7a93e5b7aa14334aa307d,,2,14,16
4cce8b9e2dc437044415d508,4cce8b9e2dc437044415d508,,1,4,5
4cf073097e0da1cd73b78b97,4cf073097e0da1cd73b78b97,,1,2,3
4cf587a4eb096ea83378c048,4cf587a4eb096ea83378c048,,2,0,2
4cfa10c5feec6dcb1a7c3d36,4cfa10c5feec6dcb1a7c3d36,,1,0,1
4d03226d26adb1f71bbcca70,4d03226d26adb1f71bbcca70,,3,2,5
4d148b7c6d1037040f3122bd,4d148b7c6d1037040f3122bd,,3,14,17
4d32911b5017a093aae54a9b,4d32911b5017a093aae54a9b,,1,23,24
4d32a9c2b60937042bc8f9df,4d32a9c2b60937042bc8f9df,,1,11,12
4d3a7f9317312c0fc7e629f2,4d3a7f9317312c0fc7e629f2,,1,17,18
4d44f7491ed56dcb0c3bb654,4d44f7491ed56dcb0c3bb654,,4,2,6
4d526ef4e02754816d6eb4b6,4d526ef4e02754816d6eb4b6,,23,23,46
4d5769a2de8f6dcbcd91fe90,4d5769a2de8f6dcbcd91fe90,,1,2,3
4d577b04e319a1cdeb420534,4d577b04e319a1cdeb420534,,5,7,12
4d8575a9509137043cbd975b,4d8575a9509137043cbd975b,,1,4,5
4d87295c40a7a35d82fc41be,4d87295c40a7a35d82fc41be,,4,2,6
4db0871dfc60cfe27fb3eaad,4db0871dfc60cfe27fb3eaad,,1,1,2
4dc5dfb4d164eb9c9ffb73ec,4dc5dfb4d164eb9c9ffb73ec,,2,0,2
4dd3951cd22dc96be80944d4,4dd3951cd22dc96be80944d4,,24,17,41
4df30577b61cbd3ec019ddb8,4df30577b61cbd3ec019ddb8,,1,3,4
4df4798c14954f21cf31ea8c,4df4798c14954f21cf31ea8c,,1,23,24
4dfdc23f8877e9c474975aa6,4dfdc23f8877e9c474975aa6,,2,3,5
4e12ff58483bee47ff3f2676,4e12ff58483bee47ff3f2676,,1,23,24
4e13d537b61c18a826fcd777,4e13d537b61c18a826fcd777,,5,17,22
4e33b15962e1733d7aa4f6b8,4e33b15962e1733d7aa4f6b8,,1,15,16
4e4cedde18a822288dd822ed,4e4cedde18a822288dd822ed,,1,15,16
4e4cfe4718388d49816f02a9,4e4cfe4718388d49816f02a9,,7,15,22
4e648c7a8877954de9170315,4e648c7a8877954de9170315,,1,23,24
4e65a3b9b0fb188e8f0f061f,4e65a3b9b0fb188e8f0f061f,,2,1,3
4e6ae546b0fb8b8a846af7b1,4e6ae546b0fb8b8a846af7b1,,1,3,4
4e910f436d8615aa713956d3,4e910f436d8615aa713956d3,,22,17,39
4eaa005f29c2152deb268308,4eaa005f29c2152deb268308,,1,23,24
4eb3c2e3469073bbc565879d,4eb3c2e3469073bbc565879d,,1,17,18
4ec74b6d775bf65c034080b5,4ec74b6d775bf65c034080b5,,1,15,16
4ec8d5df7ee537da802879a4,4ec8d5df7ee537da802879a4,,1,15,16
4ecf58f061af476c0748a1c2,4ecf58f061af476c0748a1c2,,3,9,12
4ef564018231c11154cb0744,4ef564018231c11154cb0744,,1,23,24
4f081a44e4b06fab19031bcb,4f081a44e4b06fab19031bcb,,1,14,15
4f1548d7e4b03856f421df5e,4f1548d7e4b03856f421df5e,,1,15,16
4f533277e4b036244b07dbd3,4f533277e4b036244b07dbd3,,1,17,18
4f5c13fee4b086681bb56c4f,4f5c13fee4b086681bb56c4f,,1,14,15
4f66d6ece4b0eae10c7bafee,4f66d6ece4b0eae10c7bafee,,3,23,26
4f6bd465e4b0600330d4066c,4f6bd465e4b0600330d4066c,,1,23,24
4f7f9ceae4b023c637e055ec,4f7f9ceae4b023c637e055ec,,9,14,23
4f8e3f6ce4b0dcea356eba23,4f8e3f6ce4b0dcea356eba23,,1,15,16
4f910f24e4b0ead19780cf24,4f910f24e4b0ead19780cf24,,1,0,1
4f98eeb0e4b01ba9d4a85666,4f98eeb0e4b01ba9d4a85666,,2,0,2
4fab91a3e4b05cb20097aa45,4fab91a3e4b05cb20097aa45,,1,15,16
4fab974be4b05cb200996955,4fab974be4b05cb200996955,,1,23,24
4fe3dcaae4b0d43f1f79a1af,4fe3dcaae4b0d43f1f79a1af,,1,15,16
4ff147c5e4b05cede0ddeddc,4ff147c5e4b05cede0ddeddc,,3,23,26
