pdb_id,cutoff,n_vertices,n_edges,eval_n,positive_n,C3_ROC,C3_PR,C4_ROC,C4_PR,C5_ROC,C5_PR,C6_ROC,C6_PR
1A6M,6.5,151,556,112,79,0.6444188722669735,0.7801265822784811,0.7359033371691599,0.8103550014276198,0.8415803605677024,0.8837589521380834,0.812428078250863,0.8511576783556193
1A6M,7.0,151,594,112,79,0.600115074798619,0.7576993978124617,0.7449175297276563,0.8136859709301965,0.8141542002301495,0.8491248436510471,0.8617184503260452,0.9161274823868456
2CI2,6.5,65,202,58,7,0.8725490196078431,0.35,0.9705882352941176,0.7,0.9551820728291316,0.6828571428571428,0.9551820728291316,0.6828571428571428
2CI2,7.0,65,233,58,7,0.7156862745098039,0.1944444444444444,0.5980392156862745,0.1794871794871795,0.8025210084033613,0.3165584415584415,0.4789915966386555,0.1463203463203463
5PTI,6.5,58,175,50,4,0.8369565217391305,0.2105263157894736,0.9130434782608696,0.3333333333333333,0.9782608695652172,0.6666666666666666,0.967391304347826,0.5714285714285714
5PTI,7.0,58,211,50,4,0.6847826086956522,0.1212121212121212,0.8586956521739131,0.2352941176470588,0.8478260869565217,0.2222222222222222,0.8478260869565217,0.2222222222222222
1YCC,6.5,107,351,81,18,0.9206349206349206,0.6428571428571429,0.9365079365079364,0.6923076923076923,0.9603174603174602,0.8056980056980056,0.9514991181657848,0.7852750059646612
1YCC,7.0,107,406,81,18,0.7433862433862434,0.3681318681318681,0.8703703703703703,0.6846829405162739,0.8540564373897707,0.7117975388808722,0.8302469135802469,0.6544878262039279
2RN2,6.5,155,535,127,27,0.82,0.4285714285714285,0.917962962962963,0.6202630166398282,0.8987037037037037,0.6292149003260115,0.8525925925925927,0.5484889759361131
2RN2,7.0,155,632,127,27,0.5900000000000001,0.2755102040816326,0.6746296296296297,0.2972675472675473,0.7009259259259258,0.3635832332117448,0.6872222222222222,0.3615404179009145
4ICB,6.5,76,245,48,19,0.7976406533575318,0.6185625353706848,0.8729582577132486,0.7160818713450293,0.8784029038112523,0.750701754385965,0.8747731397459165,0.7599479467900521
4ICB,7.0,76,272,48,19,0.735934664246824,0.5558897243107769,0.7912885662431942,0.6150717703349282,0.8711433756805808,0.7221491228070176,0.8176043557168784,0.6646160856687173
3GB1,6.5,56,166,52,10,0.9047619047619048,0.5555555555555556,0.9642857142857144,0.7692307692307693,0.9464285714285714,0.6971153846153846,0.9464285714285716,0.6868589743589744
3GB1,7.0,56,203,52,10,0.7619047619047619,0.3333333333333333,0.9404761904761904,0.6666666666666666,0.9464285714285714,0.6971153846153846,0.4607142857142857,0.2113993241900218
4CPV,6.5,108,361,76,29,0.8085106382978724,0.6170212765957447,0.912692589875275,0.7884796238244514,0.9167278063096111,0.7903811252268603,0.9097578870139398,0.787427031528665
4CPV,7.0,108,404,76,29,0.6914893617021277,0.5,0.7725605282465151,0.5817369093231162,0.7079970652971387,0.5605739987149283,0.6852531181217901,0.5254938537579703
